,timestep,Chord_vector,Chord_label
0,0.0,"[5, 5, 4, 4]",F:sus2
1,0.0929,"[5, 5, 4, 4]",F:sus2
2,0.1858,"[5, 5, 4, 4]",F:sus2
3,0.2786,"[5, 5, 4, 4]",F:sus2
4,0.3715,"[5, 5, 4, 4]",F:sus2
5,0.4644,"[5, 5, 4, 4]",F:sus2
6,0.5573,"[5, 5, 4, 4]",F:sus2
7,0.6502,"[5, 5, 4, 4]",F:sus2
8,0.743,"[10, 5, 4, 4]",A#:sus2/5
9,0.8359,"[10, 5, 4, 4]",A#:sus2/5
10,0.9288,"[10, 5, 4, 4]",A#:sus2/5
11,1.0217,"[10, 10, 4, 4]",A#:sus2
12,1.1146,"[10, 10, 4, 4]",A#:sus2
13,1.2074,"[10, 10, 4, 4]",A#:sus2
14,1.3003,"[10, 10, 4, 4]",A#:sus2
15,1.3932,"[10, 10, 4, 4]",A#:sus2
16,1.4861,"[10, 10, 4, 4]",A#:sus2
17,1.579,"[10, 10, 4, 4]",A#:sus2
18,1.6718,"[10, 10, 4, 4]",A#:sus2
19,1.7647,"[10, 10, 4, 4]",A#:sus2
20,1.8576,"[10, 10, 4, 4]",A#:sus2
21,1.9505,"[10, 10, 4, 4]",A#:sus2
22,2.0434,"[10, 10, 4, 4]",A#:sus2
23,2.1362,"[10, 10, 4, 4]",A#:sus2
24,2.2291,"[10, 10, 4, 4]",A#:sus2
25,2.322,"[10, 10, 4, 4]",A#:sus2
26,2.4149,"[10, 10, 4, 4]",A#:sus2
27,2.5078,"[10, 10, 4, 4]",A#:sus2
28,2.6006,"[10, 10, 4, 4]",A#:sus2
29,2.6935,"[10, 10, 4, 4]",A#:sus2
30,2.7864,"[10, 10, 4, 4]",A#:sus2
31,2.8793,"[10, 10, 4, 4]",A#:sus2
32,2.9722,"[10, 10, 4, 4]",A#:sus2
33,3.065,"[10, 10, 4, 4]",A#:sus2
34,3.1579,"[10, 10, 4, 4]",A#:sus2
35,3.2508,"[10, 10, 4, 4]",A#:sus2
36,3.3437,"[10, 10, 4, 4]",A#:sus2
37,3.4366,"[10, 10, 4, 4]",A#:sus2
38,3.5294,"[10, 10, 4, 4]",A#:sus2
39,3.6223,"[10, 10, 4, 4]",A#:sus2
40,3.7152,"[10, 10, 4, 4]",A#:sus2
41,3.8081,"[10, 10, 4, 4]",A#:sus2
42,3.901,"[10, 10, 4, 4]",A#:sus2
43,3.9938,"[10, 10, 4, 4]",A#:sus2
44,4.0867,"[10, 10, 4, 4]",A#:sus2
45,4.1796,"[10, 10, 4, 4]",A#:sus2
46,4.2725,"[10, 10, 4, 4]",A#:sus2
47,4.3654,"[10, 10, 4, 4]",A#:sus2
48,4.4582,"[10, 10, 4, 4]",A#:sus2
49,4.5511,"[10, 10, 4, 4]",A#:sus2
50,4.644,"[10, 10, 4, 4]",A#:sus2
51,4.7369,"[10, 10, 4, 4]",A#:sus2
52,4.8298,"[10, 10, 4, 4]",A#:sus2
53,4.9226,"[10, 10, 4, 4]",A#:sus2
54,5.0155,"[10, 10, 4, 4]",A#:sus2
55,5.1084,"[10, 10, 4, 4]",A#:sus2
56,5.2013,"[10, 10, 4, 4]",A#:sus2
57,5.2941,"[10, 10, 4, 4]",A#:sus2
58,5.387,"[10, 10, 4, 4]",A#:sus2
59,5.4799,"[10, 10, 4, 4]",A#:sus2
60,5.5728,"[10, 10, 4, 4]",A#:sus2
61,5.6657,"[10, 10, 4, 4]",A#:sus2
62,5.7585,"[10, 10, 4, 4]",A#:sus2
63,5.8514,"[10, 10, 4, 4]",A#:sus2
64,5.9443,"[10, 10, 4, 4]",A#:sus2
65,6.0372,"[10, 10, 4, 4]",A#:sus2
66,6.1301,"[10, 10, 0, 4]",A#:maj
67,6.2229,"[10, 10, 0, 4]",A#:maj
68,6.3158,"[10, 10, 5, 4]",A#:sus4
69,6.4087,"[10, 10, 5, 4]",A#:sus4
70,6.5016,"[10, 10, 5, 4]",A#:sus4
71,6.5945,"[10, 10, 5, 4]",A#:sus4
72,6.6873,"[10, 10, 5, 4]",A#:sus4
73,6.7802,"[5, 10, 5, 4]",N
74,6.8731,"[5, 5, 5, 4]",F:sus4
75,6.966,"[5, 5, 5, 4]",F:sus4
76,7.0589,"[5, 5, 5, 4]",F:sus4
77,7.1517,"[5, 5, 5, 4]",F:sus4
78,7.2446,"[5, 5, 5, 4]",F:sus4
79,7.3375,"[5, 5, 5, 4]",F:sus4
80,7.4304,"[5, 5, 5, 4]",F:sus4
81,7.5233,"[5, 5, 5, 4]",F:sus4
82,7.6161,"[5, 5, 5, 4]",F:sus4
83,7.709,"[5, 5, 5, 4]",F:sus4
84,7.8019,"[5, 5, 5, 4]",F:sus4
85,7.8948,"[5, 5, 5, 4]",F:sus4
86,7.9877,"[5, 5, 5, 4]",F:sus4
87,8.0805,"[5, 5, 5, 4]",F:sus4
88,8.1734,"[5, 5, 5, 4]",F:sus4
89,8.2663,"[5, 5, 5, 4]",F:sus4
90,8.3592,"[5, 5, 5, 4]",F:sus4
91,8.4521,"[5, 5, 5, 4]",F:sus4
92,8.5449,"[5, 5, 5, 4]",F:sus4
93,8.6378,"[5, 5, 5, 4]",F:sus4
94,8.7307,"[5, 5, 5, 4]",F:sus4
95,8.8236,"[5, 5, 5, 4]",F:sus4
96,8.9165,"[5, 5, 5, 4]",F:sus4
97,9.0093,"[5, 5, 0, 4]",F:maj
98,9.1022,"[5, 5, 0, 4]",F:maj
99,9.1951,"[5, 5, 0, 4]",F:maj
100,9.288,"[5, 5, 0, 4]",F:maj
101,9.3809,"[5, 5, 0, 4]",F:maj
102,9.4737,"[5, 5, 0, 4]",F:maj
103,9.5666,"[5, 5, 0, 4]",F:maj
104,9.6595,"[5, 5, 0, 4]",F:maj
105,9.7524,"[5, 5, 0, 4]",F:maj
106,9.8453,"[5, 5, 0, 4]",F:maj
107,9.9381,"[5, 5, 0, 4]",F:maj
108,10.031,"[5, 5, 0, 4]",F:maj
109,10.1239,"[5, 5, 0, 4]",F:maj
110,10.2168,"[5, 5, 0, 4]",F:maj
111,10.3097,"[5, 5, 0, 4]",F:maj
112,10.4025,"[5, 5, 0, 4]",F:maj
113,10.4954,"[5, 5, 0, 4]",F:maj
114,10.5883,"[5, 5, 0, 4]",F:maj
115,10.6812,"[5, 5, 0, 4]",F:maj
116,10.7741,"[5, 5, 0, 4]",F:maj
117,10.8669,"[5, 5, 0, 4]",F:maj
118,10.9598,"[5, 5, 0, 4]",F:maj
119,11.0527,"[5, 5, 0, 4]",F:maj
120,11.1456,"[5, 5, 0, 4]",F:maj
121,11.2385,"[5, 5, 0, 4]",F:maj
122,11.3313,"[5, 5, 0, 4]",F:maj
123,11.4242,"[5, 5, 0, 4]",F:maj
124,11.5171,"[5, 5, 0, 4]",F:maj
125,11.61,"[5, 5, 0, 4]",F:maj
126,11.7029,"[5, 5, 0, 4]",F:maj
127,11.7957,"[5, 5, 0, 4]",F:maj
128,11.8886,"[5, 5, 0, 4]",F:maj
129,11.9815,"[5, 5, 0, 4]",F:maj
130,12.0744,"[5, 5, 0, 4]",F:maj
131,12.1673,"[5, 5, 0, 4]",F:maj
132,12.2601,"[5, 5, 0, 4]",F:maj
133,12.353,"[5, 5, 0, 4]",F:maj
134,12.4459,"[5, 5, 0, 4]",F:maj
135,12.5388,"[5, 5, 0, 4]",F:maj
136,12.6317,"[5, 5, 0, 4]",F:maj
137,12.7245,"[5, 5, 0, 4]",F:maj
138,12.8174,"[5, 5, 0, 4]",F:maj
139,12.9103,"[5, 5, 0, 4]",F:maj
140,13.0032,"[5, 5, 0, 4]",F:maj
141,13.0961,"[5, 5, 0, 4]",F:maj
142,13.1889,"[5, 5, 0, 4]",F:maj
143,13.2818,"[5, 5, 0, 4]",F:maj
144,13.3747,"[5, 5, 0, 4]",F:maj
145,13.4676,"[5, 5, 0, 4]",F:maj
146,13.5605,"[5, 5, 0, 4]",F:maj
147,13.6533,"[5, 5, 0, 4]",F:maj
148,13.7462,"[5, 5, 0, 4]",F:maj
149,13.8391,"[5, 5, 0, 4]",F:maj
150,13.932,"[5, 5, 0, 4]",F:maj
151,14.0249,"[5, 5, 0, 4]",F:maj
152,14.1177,"[5, 5, 0, 4]",F:maj
153,14.2106,"[5, 5, 0, 4]",F:maj
154,14.3035,"[5, 5, 0, 4]",F:maj
155,14.3964,"[5, 5, 0, 4]",F:maj
156,14.4893,"[5, 5, 0, 4]",F:maj
157,14.5821,"[5, 5, 0, 4]",F:maj
158,14.675,"[5, 5, 0, 4]",F:maj
159,14.7679,"[5, 5, 0, 4]",F:maj
160,14.8608,"[5, 5, 0, 4]",F:maj
161,14.9537,"[5, 5, 0, 4]",F:maj
162,15.0465,"[5, 5, 0, 4]",F:maj
163,15.1394,"[5, 5, 0, 4]",F:maj
164,15.2323,"[5, 5, 0, 4]",F:maj
165,15.3252,"[10, 5, 0, 4]",A#:maj/5
166,15.418,"[10, 5, 0, 4]",A#:maj/5
167,15.5109,"[10, 5, 0, 4]",A#:maj/5
168,15.6038,"[10, 5, 4, 4]",A#:sus2/5
169,15.6967,"[10, 10, 4, 4]",A#:sus2
170,15.7896,"[10, 10, 4, 4]",A#:sus2
171,15.8824,"[10, 10, 4, 4]",A#:sus2
172,15.9753,"[10, 10, 4, 4]",A#:sus2
173,16.0682,"[10, 10, 4, 4]",A#:sus2
174,16.1611,"[10, 10, 4, 4]",A#:sus2
175,16.254,"[10, 10, 4, 4]",A#:sus2
176,16.3468,"[10, 10, 4, 4]",A#:sus2
177,16.4397,"[10, 10, 4, 4]",A#:sus2
178,16.5326,"[10, 10, 4, 4]",A#:sus2
179,16.6255,"[10, 10, 4, 4]",A#:sus2
180,16.7184,"[10, 10, 4, 4]",A#:sus2
181,16.8112,"[10, 10, 4, 4]",A#:sus2
182,16.9041,"[10, 10, 4, 4]",A#:sus2
183,16.997,"[10, 10, 4, 4]",A#:sus2
184,17.0899,"[10, 10, 4, 4]",A#:sus2
185,17.1828,"[10, 10, 4, 4]",A#:sus2
186,17.2756,"[10, 10, 4, 4]",A#:sus2
187,17.3685,"[10, 10, 5, 4]",A#:sus4
188,17.4614,"[10, 10, 5, 4]",A#:sus4
189,17.5543,"[10, 10, 5, 4]",A#:sus4
190,17.6472,"[10, 10, 5, 4]",A#:sus4
191,17.74,"[10, 10, 5, 4]",A#:sus4
192,17.8329,"[10, 10, 5, 4]",A#:sus4
193,17.9258,"[10, 10, 5, 4]",A#:sus4
194,18.0187,"[10, 10, 5, 4]",A#:sus4
195,18.1116,"[10, 10, 5, 4]",A#:sus4
196,18.2044,"[10, 10, 5, 4]",A#:sus4
197,18.2973,"[10, 10, 5, 4]",A#:sus4
198,18.3902,"[10, 10, 5, 4]",A#:sus4
199,18.4831,"[10, 10, 5, 4]",A#:sus4
200,18.576,"[10, 10, 5, 4]",A#:sus4
201,18.6688,"[10, 10, 5, 4]",A#:sus4
202,18.7617,"[10, 10, 5, 4]",A#:sus4
203,18.8546,"[10, 10, 5, 4]",A#:sus4
204,18.9475,"[10, 5, 5, 4]",A#:sus4/5
205,19.0404,"[5, 5, 0, 4]",F:maj
206,19.1332,"[5, 5, 0, 4]",F:maj
207,19.2261,"[5, 5, 0, 4]",F:maj
208,19.319,"[5, 5, 0, 4]",F:maj
209,19.4119,"[5, 5, 0, 4]",F:maj
210,19.5048,"[5, 5, 0, 4]",F:maj
211,19.5976,"[5, 5, 0, 4]",F:maj
212,19.6905,"[5, 5, 0, 4]",F:maj
213,19.7834,"[5, 5, 0, 4]",F:maj
214,19.8763,"[5, 5, 0, 4]",F:maj
215,19.9692,"[5, 5, 5, 4]",F:sus4
216,20.062,"[5, 5, 5, 4]",F:sus4
217,20.1549,"[5, 5, 5, 4]",F:sus4
218,20.2478,"[5, 5, 5, 4]",F:sus4
219,20.3407,"[5, 5, 5, 4]",F:sus4
220,20.4336,"[5, 5, 5, 4]",F:sus4
221,20.5264,"[5, 5, 5, 4]",F:sus4
222,20.6193,"[5, 5, 5, 4]",F:sus4
223,20.7122,"[5, 5, 5, 4]",F:sus4
224,20.8051,"[5, 5, 5, 4]",F:sus4
225,20.898,"[5, 5, 5, 4]",F:sus4
226,20.9908,"[5, 5, 5, 4]",F:sus4
227,21.0837,"[5, 5, 5, 4]",F:sus4
228,21.1766,"[5, 5, 5, 4]",F:sus4
229,21.2695,"[5, 5, 5, 4]",F:sus4
230,21.3624,"[5, 5, 0, 4]",F:maj
231,21.4552,"[5, 5, 0, 4]",F:maj
232,21.5481,"[5, 5, 0, 4]",F:maj
233,21.641,"[5, 5, 0, 4]",F:maj
234,21.7339,"[5, 5, 0, 4]",F:maj
235,21.8268,"[5, 5, 0, 4]",F:maj
236,21.9196,"[5, 5, 0, 4]",F:maj
237,22.0125,"[5, 5, 0, 4]",F:maj
238,22.1054,"[5, 5, 0, 4]",F:maj
239,22.1983,"[5, 5, 0, 4]",F:maj
240,22.2912,"[5, 5, 0, 4]",F:maj
241,22.384,"[5, 5, 0, 4]",F:maj
242,22.4769,"[5, 5, 0, 4]",F:maj
243,22.5698,"[5, 5, 0, 4]",F:maj
244,22.6627,"[5, 5, 0, 4]",F:maj
245,22.7556,"[5, 5, 0, 4]",F:maj
246,22.8484,"[5, 5, 0, 4]",F:maj
247,22.9413,"[5, 5, 0, 4]",F:maj
248,23.0342,"[5, 5, 0, 4]",F:maj
249,23.1271,"[5, 5, 0, 4]",F:maj
250,23.22,"[5, 5, 0, 4]",F:maj
251,23.3128,"[5, 5, 0, 4]",F:maj
252,23.4057,"[5, 5, 0, 4]",F:maj
253,23.4986,"[5, 5, 0, 4]",F:maj
254,23.5915,"[5, 5, 0, 4]",F:maj
255,23.6844,"[5, 5, 0, 4]",F:maj
256,23.7772,"[5, 5, 0, 4]",F:maj
257,23.8701,"[5, 5, 0, 4]",F:maj
258,23.963,"[5, 5, 0, 4]",F:maj
259,24.0559,"[5, 5, 0, 4]",F:maj
260,24.1488,"[5, 5, 0, 4]",F:maj
261,24.2416,"[5, 5, 0, 4]",F:maj
262,24.3345,"[5, 5, 0, 4]",F:maj
263,24.4274,"[5, 5, 0, 4]",F:maj
264,24.5203,"[5, 5, 5, 4]",F:sus4
265,24.6132,"[5, 5, 5, 4]",F:sus4
266,24.706,"[5, 5, 5, 4]",F:sus4
267,24.7989,"[5, 5, 5, 4]",F:sus4
268,24.8918,"[5, 5, 5, 4]",F:sus4
269,24.9847,"[5, 5, 5, 4]",F:sus4
270,25.0776,"[5, 5, 5, 4]",F:sus4
271,25.1704,"[5, 5, 5, 4]",F:sus4
272,25.2633,"[5, 5, 5, 4]",F:sus4
273,25.3562,"[5, 5, 0, 4]",F:maj
274,25.4491,"[5, 5, 0, 4]",F:maj
275,25.542,"[5, 5, 0, 4]",F:maj
276,25.6348,"[5, 5, 0, 4]",F:maj
277,25.7277,"[5, 5, 0, 4]",F:maj
278,25.8206,"[5, 5, 0, 4]",F:maj
279,25.9135,"[5, 5, 0, 4]",F:maj
280,26.0063,"[5, 5, 0, 4]",F:maj
281,26.0992,"[5, 5, 0, 4]",F:maj
282,26.1921,"[5, 5, 0, 4]",F:maj
283,26.285,"[5, 5, 0, 4]",F:maj
284,26.3779,"[5, 5, 0, 4]",F:maj
285,26.4707,"[5, 5, 0, 4]",F:maj
286,26.5636,"[5, 5, 0, 4]",F:maj
287,26.6565,"[5, 5, 0, 4]",F:maj
288,26.7494,"[5, 5, 0, 4]",F:maj
289,26.8423,"[5, 5, 0, 4]",F:maj
290,26.9351,"[5, 5, 0, 4]",F:maj
291,27.028,"[5, 5, 0, 4]",F:maj
292,27.1209,"[5, 5, 0, 4]",F:maj
293,27.2138,"[5, 5, 0, 4]",F:maj
294,27.3067,"[5, 7, 0, 4]",N
295,27.3995,"[5, 7, 0, 4]",N
296,27.4924,"[5, 7, 0, 4]",N
297,27.5853,"[5, 7, 0, 4]",N
298,27.6782,"[5, 7, 0, 4]",N
299,27.7711,"[5, 7, 0, 4]",N
300,27.8639,"[5, 5, 4, 4]",F:sus2
301,27.9568,"[5, 5, 4, 4]",F:sus2
302,28.0497,"[5, 5, 4, 4]",F:sus2
303,28.1426,"[5, 5, 4, 4]",F:sus2
304,28.2355,"[5, 5, 4, 4]",F:sus2
305,28.3283,"[5, 5, 4, 4]",F:sus2
306,28.4212,"[5, 5, 4, 4]",F:sus2
307,28.5141,"[5, 5, 4, 4]",F:sus2
308,28.607,"[10, 5, 4, 4]",A#:sus2/5
309,28.6999,"[10, 5, 4, 4]",A#:sus2/5
310,28.7927,"[10, 5, 4, 4]",A#:sus2/5
311,28.8856,"[10, 10, 4, 4]",A#:sus2
312,28.9785,"[10, 10, 4, 4]",A#:sus2
313,29.0714,"[10, 10, 4, 4]",A#:sus2
314,29.1643,"[10, 10, 4, 4]",A#:sus2
315,29.2571,"[10, 10, 4, 4]",A#:sus2
316,29.35,"[10, 10, 4, 4]",A#:sus2
317,29.4429,"[10, 10, 4, 4]",A#:sus2
318,29.5358,"[10, 10, 4, 4]",A#:sus2
319,29.6287,"[10, 10, 4, 4]",A#:sus2
320,29.7215,"[10, 10, 4, 4]",A#:sus2
321,29.8144,"[10, 10, 4, 4]",A#:sus2
322,29.9073,"[10, 10, 4, 4]",A#:sus2
323,30.0002,"[10, 10, 4, 4]",A#:sus2
324,30.0931,"[10, 10, 4, 4]",A#:sus2
325,30.1859,"[10, 10, 4, 4]",A#:sus2
326,30.2788,"[10, 10, 4, 4]",A#:sus2
327,30.3717,"[10, 10, 4, 4]",A#:sus2
328,30.4646,"[10, 10, 4, 4]",A#:sus2
329,30.5575,"[10, 10, 4, 4]",A#:sus2
330,30.6503,"[10, 10, 4, 4]",A#:sus2
331,30.7432,"[10, 10, 4, 4]",A#:sus2
332,30.8361,"[10, 10, 4, 4]",A#:sus2
333,30.929,"[10, 10, 4, 4]",A#:sus2
334,31.0219,"[10, 10, 4, 4]",A#:sus2
335,31.1147,"[10, 10, 4, 4]",A#:sus2
336,31.2076,"[10, 10, 4, 4]",A#:sus2
337,31.3005,"[10, 10, 4, 4]",A#:sus2
338,31.3934,"[10, 10, 4, 4]",A#:sus2
339,31.4863,"[10, 10, 4, 4]",A#:sus2
340,31.5791,"[10, 10, 4, 4]",A#:sus2
341,31.672,"[10, 10, 4, 4]",A#:sus2
342,31.7649,"[10, 10, 4, 4]",A#:sus2
343,31.8578,"[10, 10, 4, 4]",A#:sus2
344,31.9507,"[10, 10, 4, 4]",A#:sus2
345,32.0435,"[10, 10, 4, 4]",A#:sus2
346,32.1364,"[10, 10, 4, 4]",A#:sus2
347,32.2293,"[10, 10, 4, 4]",A#:sus2
348,32.3222,"[10, 10, 4, 4]",A#:sus2
349,32.4151,"[10, 10, 4, 4]",A#:sus2
350,32.5079,"[10, 10, 4, 4]",A#:sus2
351,32.6008,"[10, 10, 4, 4]",A#:sus2
352,32.6937,"[10, 10, 4, 4]",A#:sus2
353,32.7866,"[10, 10, 4, 4]",A#:sus2
354,32.8795,"[10, 10, 4, 4]",A#:sus2
355,32.9723,"[10, 10, 4, 4]",A#:sus2
356,33.0652,"[10, 10, 4, 4]",A#:sus2
357,33.1581,"[10, 10, 4, 4]",A#:sus2
358,33.251,"[10, 10, 4, 4]",A#:sus2
359,33.3439,"[10, 10, 4, 4]",A#:sus2
360,33.4367,"[10, 10, 4, 4]",A#:sus2
361,33.5296,"[10, 10, 4, 4]",A#:sus2
362,33.6225,"[10, 10, 4, 4]",A#:sus2
363,33.7154,"[10, 10, 4, 4]",A#:sus2
364,33.8083,"[10, 10, 4, 4]",A#:sus2
365,33.9011,"[10, 10, 4, 4]",A#:sus2
366,33.994,"[10, 10, 0, 4]",A#:maj
367,34.0869,"[10, 10, 0, 4]",A#:maj
368,34.1798,"[10, 10, 5, 4]",A#:sus4
369,34.2727,"[10, 10, 5, 4]",A#:sus4
370,34.3655,"[10, 10, 5, 4]",A#:sus4
371,34.4584,"[10, 10, 5, 4]",A#:sus4
372,34.5513,"[10, 10, 5, 4]",A#:sus4
373,34.6442,"[5, 10, 5, 4]",N
374,34.7371,"[5, 5, 5, 4]",F:sus4
375,34.8299,"[5, 5, 5, 4]",F:sus4
376,34.9228,"[5, 5, 5, 4]",F:sus4
377,35.0157,"[5, 5, 5, 4]",F:sus4
378,35.1086,"[5, 5, 5, 4]",F:sus4
379,35.2015,"[5, 5, 5, 4]",F:sus4
380,35.2943,"[5, 5, 5, 4]",F:sus4
381,35.3872,"[5, 5, 5, 4]",F:sus4
382,35.4801,"[5, 5, 5, 4]",F:sus4
383,35.573,"[5, 5, 5, 4]",F:sus4
384,35.6659,"[5, 5, 5, 4]",F:sus4
385,35.7587,"[5, 5, 5, 4]",F:sus4
386,35.8516,"[5, 5, 5, 4]",F:sus4
387,35.9445,"[5, 5, 5, 4]",F:sus4
388,36.0374,"[5, 5, 5, 4]",F:sus4
389,36.1302,"[5, 5, 5, 4]",F:sus4
390,36.2231,"[5, 5, 5, 4]",F:sus4
391,36.316,"[5, 5, 5, 4]",F:sus4
392,36.4089,"[5, 5, 5, 4]",F:sus4
393,36.5018,"[5, 5, 5, 4]",F:sus4
394,36.5946,"[5, 5, 5, 4]",F:sus4
395,36.6875,"[5, 5, 5, 4]",F:sus4
396,36.7804,"[5, 5, 5, 4]",F:sus4
397,36.8733,"[5, 5, 0, 4]",F:maj
398,36.9662,"[5, 5, 0, 4]",F:maj
399,37.059,"[5, 5, 0, 4]",F:maj
400,37.1519,"[5, 5, 0, 4]",F:maj
401,37.2448,"[5, 5, 0, 4]",F:maj
402,37.3377,"[5, 5, 0, 4]",F:maj
403,37.4306,"[5, 5, 0, 4]",F:maj
404,37.5234,"[5, 5, 0, 4]",F:maj
405,37.6163,"[5, 5, 0, 4]",F:maj
406,37.7092,"[5, 5, 0, 4]",F:maj
407,37.8021,"[5, 5, 0, 4]",F:maj
408,37.895,"[5, 5, 0, 4]",F:maj
409,37.9878,"[5, 5, 0, 4]",F:maj
410,38.0807,"[5, 5, 0, 4]",F:maj
411,38.1736,"[5, 5, 0, 4]",F:maj
412,38.2665,"[5, 5, 0, 4]",F:maj
413,38.3594,"[5, 5, 0, 4]",F:maj
414,38.4522,"[5, 5, 0, 4]",F:maj
415,38.5451,"[5, 5, 0, 4]",F:maj
416,38.638,"[5, 5, 0, 4]",F:maj
417,38.7309,"[5, 5, 0, 4]",F:maj
418,38.8238,"[5, 5, 0, 4]",F:maj
419,38.9166,"[5, 5, 0, 4]",F:maj
420,39.0095,"[5, 5, 0, 4]",F:maj
421,39.1024,"[5, 5, 0, 4]",F:maj
422,39.1953,"[5, 5, 0, 4]",F:maj
423,39.2882,"[5, 5, 0, 4]",F:maj
424,39.381,"[5, 5, 0, 4]",F:maj
425,39.4739,"[5, 5, 0, 4]",F:maj
426,39.5668,"[5, 5, 0, 4]",F:maj
427,39.6597,"[5, 5, 0, 4]",F:maj
428,39.7526,"[5, 5, 0, 4]",F:maj
429,39.8454,"[5, 5, 0, 4]",F:maj
430,39.9383,"[5, 5, 0, 4]",F:maj
431,40.0312,"[5, 5, 0, 4]",F:maj
432,40.1241,"[5, 5, 0, 4]",F:maj
433,40.217,"[5, 5, 0, 4]",F:maj
434,40.3098,"[5, 5, 0, 4]",F:maj
435,40.4027,"[5, 5, 0, 4]",F:maj
436,40.4956,"[5, 5, 0, 4]",F:maj
437,40.5885,"[5, 5, 0, 4]",F:maj
438,40.6814,"[5, 5, 0, 4]",F:maj
439,40.7742,"[5, 5, 0, 4]",F:maj
440,40.8671,"[5, 5, 0, 4]",F:maj
441,40.96,"[5, 5, 0, 4]",F:maj
442,41.0529,"[5, 5, 0, 4]",F:maj
443,41.1458,"[5, 5, 0, 4]",F:maj
444,41.2386,"[5, 5, 0, 4]",F:maj
445,41.3315,"[5, 5, 0, 4]",F:maj
446,41.4244,"[5, 5, 0, 4]",F:maj
447,41.5173,"[5, 5, 0, 4]",F:maj
448,41.6102,"[5, 5, 0, 4]",F:maj
449,41.703,"[5, 5, 0, 4]",F:maj
450,41.7959,"[5, 5, 0, 4]",F:maj
451,41.8888,"[5, 5, 0, 4]",F:maj
452,41.9817,"[5, 5, 0, 4]",F:maj
453,42.0746,"[5, 5, 0, 4]",F:maj
454,42.1674,"[5, 5, 0, 4]",F:maj
455,42.2603,"[5, 5, 0, 4]",F:maj
456,42.3532,"[5, 5, 0, 4]",F:maj
457,42.4461,"[5, 5, 0, 4]",F:maj
458,42.539,"[5, 5, 0, 4]",F:maj
459,42.6318,"[5, 5, 0, 4]",F:maj
460,42.7247,"[5, 5, 0, 4]",F:maj
461,42.8176,"[5, 5, 0, 4]",F:maj
462,42.9105,"[5, 5, 0, 4]",F:maj
463,43.0034,"[5, 5, 0, 4]",F:maj
464,43.0962,"[5, 5, 0, 4]",F:maj
465,43.1891,"[10, 5, 0, 4]",A#:maj/5
466,43.282,"[10, 5, 0, 4]",A#:maj/5
467,43.3749,"[10, 5, 0, 4]",A#:maj/5
468,43.4678,"[10, 5, 4, 4]",A#:sus2/5
469,43.5606,"[10, 10, 4, 4]",A#:sus2
470,43.6535,"[10, 10, 4, 4]",A#:sus2
471,43.7464,"[10, 10, 4, 4]",A#:sus2
472,43.8393,"[10, 10, 4, 4]",A#:sus2
473,43.9322,"[10, 10, 4, 4]",A#:sus2
474,44.025,"[10, 10, 4, 4]",A#:sus2
475,44.1179,"[10, 10, 4, 4]",A#:sus2
476,44.2108,"[10, 10, 4, 4]",A#:sus2
477,44.3037,"[10, 10, 4, 4]",A#:sus2
478,44.3966,"[10, 10, 4, 4]",A#:sus2
479,44.4894,"[10, 10, 4, 4]",A#:sus2
480,44.5823,"[10, 10, 4, 4]",A#:sus2
481,44.6752,"[10, 10, 4, 4]",A#:sus2
482,44.7681,"[10, 10, 4, 4]",A#:sus2
483,44.861,"[10, 10, 4, 4]",A#:sus2
484,44.9538,"[10, 10, 4, 4]",A#:sus2
485,45.0467,"[10, 10, 4, 4]",A#:sus2
486,45.1396,"[10, 10, 4, 4]",A#:sus2
487,45.2325,"[10, 10, 5, 4]",A#:sus4
488,45.3254,"[10, 10, 5, 4]",A#:sus4
489,45.4182,"[10, 10, 5, 4]",A#:sus4
490,45.5111,"[10, 10, 5, 4]",A#:sus4
491,45.604,"[10, 10, 5, 4]",A#:sus4
492,45.6969,"[10, 10, 5, 4]",A#:sus4
493,45.7898,"[10, 10, 5, 4]",A#:sus4
494,45.8826,"[10, 10, 5, 4]",A#:sus4
495,45.9755,"[10, 10, 5, 4]",A#:sus4
496,46.0684,"[10, 10, 5, 4]",A#:sus4
497,46.1613,"[10, 10, 5, 4]",A#:sus4
498,46.2541,"[10, 10, 5, 4]",A#:sus4
499,46.347,"[10, 10, 5, 4]",A#:sus4
500,46.4399,"[10, 10, 5, 4]",A#:sus4
501,46.5328,"[10, 10, 5, 4]",A#:sus4
502,46.6257,"[10, 10, 5, 4]",A#:sus4
503,46.7185,"[10, 10, 5, 4]",A#:sus4
504,46.8114,"[10, 5, 5, 4]",A#:sus4/5
505,46.9043,"[5, 5, 0, 4]",F:maj
506,46.9972,"[5, 5, 0, 4]",F:maj
507,47.0901,"[5, 5, 0, 4]",F:maj
508,47.1829,"[5, 5, 0, 4]",F:maj
509,47.2758,"[5, 5, 0, 4]",F:maj
510,47.3687,"[5, 5, 0, 4]",F:maj
511,47.4616,"[5, 5, 0, 4]",F:maj
512,47.5545,"[5, 5, 0, 4]",F:maj
513,47.6473,"[5, 5, 0, 4]",F:maj
514,47.7402,"[5, 5, 0, 4]",F:maj
515,47.8331,"[5, 5, 5, 4]",F:sus4
516,47.926,"[5, 5, 5, 4]",F:sus4
517,48.0189,"[5, 5, 5, 4]",F:sus4
518,48.1117,"[5, 5, 5, 4]",F:sus4
519,48.2046,"[5, 5, 5, 4]",F:sus4
520,48.2975,"[5, 5, 5, 4]",F:sus4
521,48.3904,"[5, 5, 5, 4]",F:sus4
522,48.4833,"[5, 5, 5, 4]",F:sus4
523,48.5761,"[5, 5, 5, 4]",F:sus4
524,48.669,"[5, 5, 5, 4]",F:sus4
525,48.7619,"[5, 5, 5, 4]",F:sus4
526,48.8548,"[5, 5, 5, 4]",F:sus4
527,48.9477,"[5, 5, 5, 4]",F:sus4
528,49.0405,"[5, 5, 5, 4]",F:sus4
529,49.1334,"[5, 5, 5, 4]",F:sus4
530,49.2263,"[5, 5, 0, 4]",F:maj
531,49.3192,"[5, 5, 0, 4]",F:maj
532,49.4121,"[5, 5, 0, 4]",F:maj
533,49.5049,"[5, 5, 0, 4]",F:maj
534,49.5978,"[5, 5, 0, 4]",F:maj
535,49.6907,"[5, 5, 0, 4]",F:maj
536,49.7836,"[5, 5, 0, 4]",F:maj
537,49.8765,"[5, 5, 0, 4]",F:maj
538,49.9693,"[5, 5, 0, 4]",F:maj
539,50.0622,"[5, 5, 0, 4]",F:maj
540,50.1551,"[5, 5, 0, 4]",F:maj
541,50.248,"[5, 5, 0, 4]",F:maj
542,50.3409,"[5, 5, 0, 4]",F:maj
543,50.4337,"[5, 5, 0, 4]",F:maj
544,50.5266,"[5, 5, 0, 4]",F:maj
545,50.6195,"[5, 5, 0, 4]",F:maj
546,50.7124,"[5, 5, 0, 4]",F:maj
547,50.8053,"[5, 5, 0, 4]",F:maj
548,50.8981,"[5, 5, 0, 4]",F:maj
549,50.991,"[5, 5, 0, 4]",F:maj
550,51.0839,"[5, 5, 0, 4]",F:maj
551,51.1768,"[5, 5, 0, 4]",F:maj
552,51.2697,"[5, 5, 0, 4]",F:maj
553,51.3625,"[5, 5, 0, 4]",F:maj
554,51.4554,"[5, 5, 0, 4]",F:maj
555,51.5483,"[5, 5, 0, 4]",F:maj
556,51.6412,"[5, 5, 0, 4]",F:maj
557,51.7341,"[5, 5, 0, 4]",F:maj
558,51.8269,"[5, 5, 0, 4]",F:maj
559,51.9198,"[5, 5, 0, 4]",F:maj
560,52.0127,"[5, 5, 0, 4]",F:maj
561,52.1056,"[5, 5, 0, 4]",F:maj
562,52.1985,"[5, 5, 0, 4]",F:maj
563,52.2913,"[5, 5, 0, 4]",F:maj
564,52.3842,"[5, 5, 5, 4]",F:sus4
565,52.4771,"[5, 5, 5, 4]",F:sus4
566,52.57,"[5, 5, 5, 4]",F:sus4
567,52.6629,"[5, 5, 5, 4]",F:sus4
568,52.7557,"[5, 5, 5, 4]",F:sus4
569,52.8486,"[5, 5, 5, 4]",F:sus4
570,52.9415,"[5, 5, 5, 4]",F:sus4
571,53.0344,"[5, 5, 5, 4]",F:sus4
572,53.1273,"[5, 5, 5, 4]",F:sus4
573,53.2201,"[5, 5, 0, 4]",F:maj
574,53.313,"[5, 5, 0, 4]",F:maj
575,53.4059,"[5, 5, 0, 4]",F:maj
576,53.4988,"[5, 5, 0, 4]",F:maj
577,53.5917,"[5, 5, 0, 4]",F:maj
578,53.6845,"[5, 5, 0, 4]",F:maj
579,53.7774,"[5, 5, 0, 4]",F:maj
580,53.8703,"[5, 5, 0, 4]",F:maj
581,53.9632,"[5, 5, 0, 4]",F:maj
582,54.0561,"[5, 5, 0, 4]",F:maj
583,54.1489,"[5, 5, 0, 4]",F:maj
584,54.2418,"[5, 5, 0, 4]",F:maj
585,54.3347,"[5, 5, 0, 4]",F:maj
586,54.4276,"[5, 5, 0, 4]",F:maj
587,54.5205,"[5, 5, 0, 4]",F:maj
588,54.6133,"[5, 5, 0, 4]",F:maj
589,54.7062,"[5, 5, 0, 4]",F:maj
590,54.7991,"[5, 5, 0, 4]",F:maj
591,54.892,"[5, 5, 0, 4]",F:maj
592,54.9849,"[5, 5, 0, 4]",F:maj
593,55.0777,"[5, 5, 0, 4]",F:maj
594,55.1706,"[5, 7, 0, 4]",N
595,55.2635,"[5, 7, 0, 4]",N
596,55.3564,"[5, 7, 0, 4]",N
597,55.4493,"[5, 7, 0, 4]",N
598,55.5421,"[5, 7, 0, 4]",N
599,55.635,"[5, 7, 0, 4]",N
600,55.7279,"[5, 5, 4, 4]",F:sus2
601,55.8208,"[5, 5, 4, 4]",F:sus2
602,55.9137,"[5, 5, 4, 4]",F:sus2
603,56.0065,"[5, 5, 4, 4]",F:sus2
604,56.0994,"[5, 5, 4, 4]",F:sus2
605,56.1923,"[5, 5, 4, 4]",F:sus2
606,56.2852,"[5, 5, 4, 4]",F:sus2
607,56.378,"[5, 5, 4, 4]",F:sus2
608,56.4709,"[10, 5, 4, 4]",A#:sus2/5
609,56.5638,"[10, 5, 4, 4]",A#:sus2/5
610,56.6567,"[10, 5, 4, 4]",A#:sus2/5
611,56.7496,"[10, 10, 4, 4]",A#:sus2
612,56.8424,"[10, 10, 4, 4]",A#:sus2
613,56.9353,"[10, 10, 4, 4]",A#:sus2
614,57.0282,"[10, 10, 4, 4]",A#:sus2
615,57.1211,"[10, 10, 4, 4]",A#:sus2
616,57.214,"[10, 10, 4, 4]",A#:sus2
617,57.3068,"[10, 10, 4, 4]",A#:sus2
618,57.3997,"[10, 10, 4, 4]",A#:sus2
619,57.4926,"[10, 10, 4, 4]",A#:sus2
620,57.5855,"[10, 10, 4, 4]",A#:sus2
621,57.6784,"[10, 10, 4, 4]",A#:sus2
622,57.7712,"[10, 10, 4, 4]",A#:sus2
623,57.8641,"[10, 10, 4, 4]",A#:sus2
624,57.957,"[10, 10, 4, 4]",A#:sus2
625,58.0499,"[10, 10, 4, 4]",A#:sus2
626,58.1428,"[10, 10, 4, 4]",A#:sus2
627,58.2356,"[10, 10, 4, 4]",A#:sus2
628,58.3285,"[10, 10, 4, 4]",A#:sus2
629,58.4214,"[10, 10, 4, 4]",A#:sus2
630,58.5143,"[10, 10, 4, 4]",A#:sus2
631,58.6072,"[10, 10, 4, 4]",A#:sus2
632,58.7,"[10, 10, 4, 4]",A#:sus2
633,58.7929,"[10, 10, 4, 4]",A#:sus2
634,58.8858,"[10, 10, 4, 4]",A#:sus2
635,58.9787,"[10, 10, 4, 4]",A#:sus2
636,59.0716,"[10, 10, 4, 4]",A#:sus2
637,59.1644,"[10, 10, 4, 4]",A#:sus2
638,59.2573,"[10, 10, 4, 4]",A#:sus2
639,59.3502,"[10, 10, 4, 4]",A#:sus2
640,59.4431,"[10, 10, 4, 4]",A#:sus2
641,59.536,"[10, 10, 4, 4]",A#:sus2
642,59.6288,"[10, 10, 4, 4]",A#:sus2
643,59.7217,"[10, 10, 4, 4]",A#:sus2
644,59.8146,"[10, 10, 4, 4]",A#:sus2
645,59.9075,"[10, 10, 4, 4]",A#:sus2
646,60.0004,"[10, 10, 4, 4]",A#:sus2
647,60.0932,"[10, 10, 4, 4]",A#:sus2
648,60.1861,"[10, 10, 4, 4]",A#:sus2
649,60.279,"[10, 10, 4, 4]",A#:sus2
650,60.3719,"[10, 10, 4, 4]",A#:sus2
651,60.4648,"[10, 10, 4, 4]",A#:sus2
652,60.5576,"[10, 10, 4, 4]",A#:sus2
653,60.6505,"[10, 10, 4, 4]",A#:sus2
654,60.7434,"[10, 10, 4, 4]",A#:sus2
655,60.8363,"[10, 10, 4, 4]",A#:sus2
656,60.9292,"[10, 10, 4, 4]",A#:sus2
657,61.022,"[10, 10, 4, 4]",A#:sus2
658,61.1149,"[10, 10, 4, 4]",A#:sus2
659,61.2078,"[10, 10, 4, 4]",A#:sus2
660,61.3007,"[10, 10, 4, 4]",A#:sus2
661,61.3936,"[10, 10, 4, 4]",A#:sus2
662,61.4864,"[10, 10, 4, 4]",A#:sus2
663,61.5793,"[10, 10, 4, 4]",A#:sus2
664,61.6722,"[10, 10, 4, 4]",A#:sus2
665,61.7651,"[10, 10, 4, 4]",A#:sus2
666,61.858,"[10, 10, 0, 4]",A#:maj
667,61.9508,"[10, 10, 0, 4]",A#:maj
668,62.0437,"[10, 10, 5, 4]",A#:sus4
669,62.1366,"[10, 10, 5, 4]",A#:sus4
670,62.2295,"[10, 10, 5, 4]",A#:sus4
671,62.3224,"[10, 10, 5, 4]",A#:sus4
672,62.4152,"[10, 10, 5, 4]",A#:sus4
673,62.5081,"[5, 10, 5, 4]",N
674,62.601,"[5, 5, 5, 4]",F:sus4
675,62.6939,"[5, 5, 5, 4]",F:sus4
676,62.7868,"[5, 5, 5, 4]",F:sus4
677,62.8796,"[5, 5, 5, 4]",F:sus4
678,62.9725,"[5, 5, 5, 4]",F:sus4
679,63.0654,"[5, 5, 5, 4]",F:sus4
680,63.1583,"[5, 5, 5, 4]",F:sus4
681,63.2512,"[5, 5, 5, 4]",F:sus4
682,63.344,"[5, 5, 5, 4]",F:sus4
683,63.4369,"[5, 5, 5, 4]",F:sus4
684,63.5298,"[5, 5, 5, 4]",F:sus4
685,63.6227,"[5, 5, 5, 4]",F:sus4
686,63.7156,"[5, 5, 5, 4]",F:sus4
687,63.8084,"[5, 5, 5, 4]",F:sus4
688,63.9013,"[5, 5, 5, 4]",F:sus4
689,63.9942,"[5, 5, 5, 4]",F:sus4
690,64.0871,"[5, 5, 5, 4]",F:sus4
691,64.18,"[5, 5, 5, 4]",F:sus4
692,64.2728,"[5, 5, 5, 4]",F:sus4
693,64.3657,"[5, 5, 5, 4]",F:sus4
694,64.4586,"[5, 5, 5, 4]",F:sus4
695,64.5515,"[5, 5, 5, 4]",F:sus4
696,64.6444,"[5, 5, 5, 4]",F:sus4
697,64.7372,"[5, 5, 0, 4]",F:maj
698,64.8301,"[5, 5, 0, 4]",F:maj
699,64.923,"[5, 5, 0, 4]",F:maj
700,65.0159,"[5, 5, 0, 4]",F:maj
701,65.1088,"[5, 5, 0, 4]",F:maj
702,65.2016,"[5, 5, 0, 4]",F:maj
703,65.2945,"[5, 5, 0, 4]",F:maj
704,65.3874,"[5, 5, 0, 4]",F:maj
705,65.4803,"[5, 5, 0, 4]",F:maj
706,65.5732,"[5, 5, 0, 4]",F:maj
707,65.666,"[5, 5, 0, 4]",F:maj
708,65.7589,"[5, 5, 0, 4]",F:maj
709,65.8518,"[5, 5, 0, 4]",F:maj
710,65.9447,"[5, 5, 0, 4]",F:maj
711,66.0376,"[5, 5, 0, 4]",F:maj
712,66.1304,"[5, 5, 0, 4]",F:maj
713,66.2233,"[5, 5, 0, 4]",F:maj
714,66.3162,"[5, 5, 0, 4]",F:maj
715,66.4091,"[5, 5, 0, 4]",F:maj
716,66.502,"[5, 5, 0, 4]",F:maj
717,66.5948,"[5, 5, 0, 4]",F:maj
718,66.6877,"[5, 5, 0, 4]",F:maj
719,66.7806,"[5, 5, 0, 4]",F:maj
720,66.8735,"[5, 5, 0, 4]",F:maj
721,66.9663,"[5, 5, 0, 4]",F:maj
722,67.0592,"[5, 5, 0, 4]",F:maj
723,67.1521,"[5, 5, 0, 4]",F:maj
724,67.245,"[5, 5, 0, 4]",F:maj
725,67.3379,"[5, 5, 0, 4]",F:maj
726,67.4307,"[5, 5, 0, 4]",F:maj
727,67.5236,"[5, 5, 0, 4]",F:maj
728,67.6165,"[5, 5, 0, 4]",F:maj
729,67.7094,"[5, 5, 0, 4]",F:maj
730,67.8023,"[5, 5, 0, 4]",F:maj
731,67.8951,"[5, 5, 0, 4]",F:maj
732,67.988,"[5, 5, 0, 4]",F:maj
733,68.0809,"[5, 5, 0, 4]",F:maj
734,68.1738,"[5, 5, 0, 4]",F:maj
735,68.2667,"[5, 5, 0, 4]",F:maj
736,68.3595,"[5, 5, 0, 4]",F:maj
737,68.4524,"[5, 5, 0, 4]",F:maj
738,68.5453,"[5, 5, 0, 4]",F:maj
739,68.6382,"[5, 5, 0, 4]",F:maj
740,68.7311,"[5, 5, 0, 4]",F:maj
741,68.8239,"[5, 5, 0, 4]",F:maj
742,68.9168,"[5, 5, 0, 4]",F:maj
743,69.0097,"[5, 5, 0, 4]",F:maj
744,69.1026,"[5, 5, 0, 4]",F:maj
745,69.1955,"[5, 5, 0, 4]",F:maj
746,69.2883,"[5, 5, 0, 4]",F:maj
747,69.3812,"[5, 5, 0, 4]",F:maj
748,69.4741,"[5, 5, 0, 4]",F:maj
749,69.567,"[5, 5, 0, 4]",F:maj
750,69.6599,"[5, 5, 0, 4]",F:maj
751,69.7527,"[5, 5, 0, 4]",F:maj
752,69.8456,"[5, 5, 0, 4]",F:maj
753,69.9385,"[5, 5, 0, 4]",F:maj
754,70.0314,"[5, 5, 0, 4]",F:maj
755,70.1243,"[5, 5, 0, 4]",F:maj
756,70.2171,"[5, 5, 0, 4]",F:maj
757,70.31,"[5, 5, 0, 4]",F:maj
758,70.4029,"[5, 5, 0, 4]",F:maj
759,70.4958,"[5, 5, 0, 4]",F:maj
760,70.5887,"[5, 5, 0, 4]",F:maj
761,70.6815,"[5, 5, 0, 4]",F:maj
762,70.7744,"[5, 5, 0, 4]",F:maj
763,70.8673,"[5, 5, 0, 4]",F:maj
764,70.9602,"[5, 5, 0, 4]",F:maj
765,71.0531,"[10, 5, 0, 4]",A#:maj/5
766,71.1459,"[10, 5, 0, 4]",A#:maj/5
767,71.2388,"[10, 5, 0, 4]",A#:maj/5
768,71.3317,"[10, 5, 4, 4]",A#:sus2/5
769,71.4246,"[10, 10, 4, 4]",A#:sus2
770,71.5175,"[10, 10, 4, 4]",A#:sus2
771,71.6103,"[10, 10, 4, 4]",A#:sus2
772,71.7032,"[10, 10, 4, 4]",A#:sus2
773,71.7961,"[10, 10, 4, 4]",A#:sus2
774,71.889,"[10, 10, 4, 4]",A#:sus2
775,71.9819,"[10, 10, 4, 4]",A#:sus2
776,72.0747,"[10, 10, 4, 4]",A#:sus2
777,72.1676,"[10, 10, 4, 4]",A#:sus2
778,72.2605,"[10, 10, 4, 4]",A#:sus2
779,72.3534,"[10, 10, 4, 4]",A#:sus2
780,72.4463,"[10, 10, 4, 4]",A#:sus2
781,72.5391,"[10, 10, 4, 4]",A#:sus2
782,72.632,"[10, 10, 4, 4]",A#:sus2
783,72.7249,"[10, 10, 4, 4]",A#:sus2
784,72.8178,"[10, 10, 4, 4]",A#:sus2
785,72.9107,"[10, 10, 4, 4]",A#:sus2
786,73.0035,"[10, 10, 4, 4]",A#:sus2
787,73.0964,"[10, 10, 5, 4]",A#:sus4
788,73.1893,"[10, 10, 5, 4]",A#:sus4
789,73.2822,"[10, 10, 5, 4]",A#:sus4
790,73.3751,"[10, 10, 5, 4]",A#:sus4
791,73.4679,"[10, 10, 5, 4]",A#:sus4
792,73.5608,"[10, 10, 5, 4]",A#:sus4
793,73.6537,"[10, 10, 5, 4]",A#:sus4
794,73.7466,"[10, 10, 5, 4]",A#:sus4
795,73.8395,"[10, 10, 5, 4]",A#:sus4
796,73.9323,"[10, 10, 5, 4]",A#:sus4
797,74.0252,"[10, 10, 5, 4]",A#:sus4
798,74.1181,"[10, 10, 5, 4]",A#:sus4
799,74.211,"[10, 10, 5, 4]",A#:sus4
800,74.3039,"[10, 10, 5, 4]",A#:sus4
801,74.3967,"[10, 10, 5, 4]",A#:sus4
802,74.4896,"[10, 10, 5, 4]",A#:sus4
803,74.5825,"[10, 10, 5, 4]",A#:sus4
804,74.6754,"[10, 5, 5, 4]",A#:sus4/5
805,74.7683,"[5, 5, 0, 4]",F:maj
806,74.8611,"[5, 5, 0, 4]",F:maj
807,74.954,"[5, 5, 0, 4]",F:maj
808,75.0469,"[5, 5, 0, 4]",F:maj
809,75.1398,"[5, 5, 0, 4]",F:maj
810,75.2327,"[5, 5, 0, 4]",F:maj
811,75.3255,"[5, 5, 0, 4]",F:maj
812,75.4184,"[5, 5, 0, 4]",F:maj
813,75.5113,"[5, 5, 0, 4]",F:maj
814,75.6042,"[5, 5, 0, 4]",F:maj
815,75.6971,"[5, 5, 5, 4]",F:sus4
816,75.7899,"[5, 5, 5, 4]",F:sus4
817,75.8828,"[5, 5, 5, 4]",F:sus4
818,75.9757,"[5, 5, 5, 4]",F:sus4
819,76.0686,"[5, 5, 5, 4]",F:sus4
820,76.1615,"[5, 5, 5, 4]",F:sus4
821,76.2543,"[5, 5, 5, 4]",F:sus4
822,76.3472,"[5, 5, 5, 4]",F:sus4
823,76.4401,"[5, 5, 5, 4]",F:sus4
824,76.533,"[5, 5, 5, 4]",F:sus4
825,76.6259,"[5, 5, 5, 4]",F:sus4
826,76.7187,"[5, 5, 5, 4]",F:sus4
827,76.8116,"[5, 5, 5, 4]",F:sus4
828,76.9045,"[5, 5, 5, 4]",F:sus4
829,76.9974,"[5, 5, 5, 4]",F:sus4
830,77.0902,"[5, 5, 0, 4]",F:maj
831,77.1831,"[5, 5, 0, 4]",F:maj
832,77.276,"[5, 5, 0, 4]",F:maj
833,77.3689,"[5, 5, 0, 4]",F:maj
834,77.4618,"[5, 5, 0, 4]",F:maj
835,77.5546,"[5, 5, 0, 4]",F:maj
836,77.6475,"[5, 5, 0, 4]",F:maj
837,77.7404,"[5, 5, 0, 4]",F:maj
838,77.8333,"[5, 5, 0, 4]",F:maj
839,77.9262,"[5, 5, 0, 4]",F:maj
840,78.019,"[5, 5, 0, 4]",F:maj
841,78.1119,"[5, 5, 0, 4]",F:maj
842,78.2048,"[5, 5, 0, 4]",F:maj
843,78.2977,"[5, 5, 0, 4]",F:maj
844,78.3906,"[5, 5, 0, 4]",F:maj
845,78.4834,"[5, 5, 0, 4]",F:maj
846,78.5763,"[5, 5, 0, 4]",F:maj
847,78.6692,"[5, 5, 0, 4]",F:maj
848,78.7621,"[5, 5, 0, 4]",F:maj
849,78.855,"[5, 5, 0, 4]",F:maj
850,78.9478,"[5, 5, 0, 4]",F:maj
851,79.0407,"[5, 5, 0, 4]",F:maj
852,79.1336,"[5, 5, 0, 4]",F:maj
853,79.2265,"[5, 5, 0, 4]",F:maj
854,79.3194,"[5, 5, 0, 4]",F:maj
855,79.4122,"[5, 5, 0, 4]",F:maj
856,79.5051,"[5, 5, 0, 4]",F:maj
857,79.598,"[5, 5, 0, 4]",F:maj
858,79.6909,"[5, 5, 0, 4]",F:maj
859,79.7838,"[5, 5, 0, 4]",F:maj
860,79.8766,"[5, 5, 0, 4]",F:maj
861,79.9695,"[5, 5, 0, 4]",F:maj
862,80.0624,"[5, 5, 0, 4]",F:maj
863,80.1553,"[5, 5, 0, 4]",F:maj
864,80.2482,"[5, 5, 5, 4]",F:sus4
865,80.341,"[5, 5, 5, 4]",F:sus4
866,80.4339,"[5, 5, 5, 4]",F:sus4
867,80.5268,"[5, 5, 5, 4]",F:sus4
868,80.6197,"[5, 5, 5, 4]",F:sus4
869,80.7126,"[5, 5, 5, 4]",F:sus4
870,80.8054,"[5, 5, 5, 4]",F:sus4
871,80.8983,"[5, 5, 5, 4]",F:sus4
872,80.9912,"[5, 5, 5, 4]",F:sus4
873,81.0841,"[5, 5, 0, 4]",F:maj
874,81.177,"[5, 5, 0, 4]",F:maj
875,81.2698,"[5, 5, 0, 4]",F:maj
876,81.3627,"[5, 5, 0, 4]",F:maj
877,81.4556,"[5, 5, 0, 4]",F:maj
878,81.5485,"[5, 5, 0, 4]",F:maj
879,81.6414,"[5, 5, 0, 4]",F:maj
880,81.7342,"[5, 5, 0, 4]",F:maj
881,81.8271,"[5, 5, 0, 4]",F:maj
882,81.92,"[5, 5, 0, 4]",F:maj
883,82.0129,"[5, 5, 0, 4]",F:maj
884,82.1058,"[5, 5, 0, 4]",F:maj
885,82.1986,"[5, 5, 0, 4]",F:maj
886,82.2915,"[5, 5, 0, 4]",F:maj
887,82.3844,"[5, 5, 0, 4]",F:maj
888,82.4773,"[5, 5, 0, 4]",F:maj
889,82.5702,"[5, 5, 0, 4]",F:maj
890,82.663,"[5, 5, 0, 4]",F:maj
891,82.7559,"[5, 5, 0, 4]",F:maj
892,82.8488,"[5, 5, 0, 4]",F:maj
893,82.9417,"[5, 5, 0, 4]",F:maj
894,83.0346,"[5, 7, 0, 4]",N
895,83.1274,"[5, 7, 0, 4]",N
896,83.2203,"[5, 7, 0, 4]",N
897,83.3132,"[5, 7, 0, 4]",N
898,83.4061,"[5, 7, 0, 4]",N
899,83.499,"[5, 7, 0, 4]",N
900,83.5918,"[5, 5, 4, 4]",F:sus2
901,83.6847,"[5, 5, 4, 4]",F:sus2
902,83.7776,"[5, 5, 4, 4]",F:sus2
903,83.8705,"[5, 5, 4, 4]",F:sus2
904,83.9634,"[5, 5, 4, 4]",F:sus2
905,84.0562,"[5, 5, 4, 4]",F:sus2
906,84.1491,"[5, 5, 4, 4]",F:sus2
907,84.242,"[5, 5, 4, 4]",F:sus2
908,84.3349,"[10, 5, 4, 4]",A#:sus2/5
909,84.4278,"[10, 5, 4, 4]",A#:sus2/5
910,84.5206,"[10, 5, 4, 4]",A#:sus2/5
911,84.6135,"[10, 10, 4, 4]",A#:sus2
912,84.7064,"[10, 10, 4, 4]",A#:sus2
913,84.7993,"[10, 10, 4, 4]",A#:sus2
914,84.8922,"[10, 10, 4, 4]",A#:sus2
915,84.985,"[10, 10, 4, 4]",A#:sus2
916,85.0779,"[10, 10, 4, 4]",A#:sus2
917,85.1708,"[10, 10, 4, 4]",A#:sus2
918,85.2637,"[10, 10, 4, 4]",A#:sus2
919,85.3566,"[10, 10, 4, 4]",A#:sus2
920,85.4494,"[10, 10, 4, 4]",A#:sus2
921,85.5423,"[10, 10, 4, 4]",A#:sus2
922,85.6352,"[10, 10, 4, 4]",A#:sus2
923,85.7281,"[10, 10, 4, 4]",A#:sus2
924,85.821,"[10, 10, 4, 4]",A#:sus2
925,85.9138,"[10, 10, 4, 4]",A#:sus2
926,86.0067,"[10, 10, 4, 4]",A#:sus2
927,86.0996,"[10, 10, 4, 4]",A#:sus2
928,86.1925,"[10, 10, 4, 4]",A#:sus2
929,86.2854,"[10, 10, 4, 4]",A#:sus2
930,86.3782,"[10, 10, 4, 4]",A#:sus2
931,86.4711,"[10, 10, 4, 4]",A#:sus2
932,86.564,"[10, 10, 4, 4]",A#:sus2
933,86.6569,"[10, 10, 4, 4]",A#:sus2
934,86.7498,"[10, 10, 4, 4]",A#:sus2
935,86.8426,"[10, 10, 4, 4]",A#:sus2
936,86.9355,"[10, 10, 4, 4]",A#:sus2
937,87.0284,"[10, 10, 4, 4]",A#:sus2
938,87.1213,"[10, 10, 4, 4]",A#:sus2
939,87.2141,"[10, 10, 4, 4]",A#:sus2
940,87.307,"[10, 10, 4, 4]",A#:sus2
941,87.3999,"[10, 10, 4, 4]",A#:sus2
942,87.4928,"[10, 10, 4, 4]",A#:sus2
943,87.5857,"[10, 10, 4, 4]",A#:sus2
944,87.6785,"[10, 10, 4, 4]",A#:sus2
945,87.7714,"[10, 10, 4, 4]",A#:sus2
946,87.8643,"[10, 10, 4, 4]",A#:sus2
947,87.9572,"[10, 10, 4, 4]",A#:sus2
948,88.0501,"[10, 10, 4, 4]",A#:sus2
949,88.1429,"[10, 10, 4, 4]",A#:sus2
950,88.2358,"[10, 10, 4, 4]",A#:sus2
951,88.3287,"[10, 10, 4, 4]",A#:sus2
952,88.4216,"[10, 10, 4, 4]",A#:sus2
953,88.5145,"[10, 10, 4, 4]",A#:sus2
954,88.6073,"[10, 10, 4, 4]",A#:sus2
955,88.7002,"[10, 10, 4, 4]",A#:sus2
956,88.7931,"[10, 10, 4, 4]",A#:sus2
957,88.886,"[10, 10, 4, 4]",A#:sus2
958,88.9789,"[10, 10, 4, 4]",A#:sus2
959,89.0717,"[10, 10, 4, 4]",A#:sus2
960,89.1646,"[10, 10, 4, 4]",A#:sus2
961,89.2575,"[10, 10, 4, 4]",A#:sus2
962,89.3504,"[10, 10, 4, 4]",A#:sus2
963,89.4433,"[10, 10, 4, 4]",A#:sus2
964,89.5361,"[10, 10, 4, 4]",A#:sus2
965,89.629,"[10, 10, 4, 4]",A#:sus2
966,89.7219,"[10, 10, 0, 4]",A#:maj
967,89.8148,"[10, 10, 0, 4]",A#:maj
968,89.9077,"[10, 10, 5, 4]",A#:sus4
969,90.0005,"[10, 10, 5, 4]",A#:sus4
970,90.0934,"[10, 10, 5, 4]",A#:sus4
971,90.1863,"[10, 10, 5, 4]",A#:sus4
972,90.2792,"[10, 10, 5, 4]",A#:sus4
973,90.3721,"[5, 10, 5, 4]",N
974,90.4649,"[5, 5, 5, 4]",F:sus4
975,90.5578,"[5, 5, 5, 4]",F:sus4
976,90.6507,"[5, 5, 5, 4]",F:sus4
977,90.7436,"[5, 5, 5, 4]",F:sus4
978,90.8365,"[5, 5, 5, 4]",F:sus4
979,90.9293,"[5, 5, 5, 4]",F:sus4
980,91.0222,"[5, 5, 5, 4]",F:sus4
981,91.1151,"[5, 5, 5, 4]",F:sus4
982,91.208,"[5, 5, 5, 4]",F:sus4
983,91.3009,"[5, 5, 5, 4]",F:sus4
984,91.3937,"[5, 5, 5, 4]",F:sus4
985,91.4866,"[5, 5, 5, 4]",F:sus4
986,91.5795,"[5, 5, 5, 4]",F:sus4
987,91.6724,"[5, 5, 5, 4]",F:sus4
988,91.7653,"[5, 5, 5, 4]",F:sus4
989,91.8581,"[5, 5, 5, 4]",F:sus4
990,91.951,"[5, 5, 5, 4]",F:sus4
991,92.0439,"[5, 5, 5, 4]",F:sus4
992,92.1368,"[5, 5, 5, 4]",F:sus4
993,92.2297,"[5, 5, 5, 4]",F:sus4
994,92.3225,"[5, 5, 5, 4]",F:sus4
995,92.4154,"[5, 5, 5, 4]",F:sus4
996,92.5083,"[5, 5, 5, 4]",F:sus4
997,92.6012,"[5, 5, 0, 4]",F:maj
998,92.6941,"[5, 5, 0, 4]",F:maj
999,92.7869,"[5, 5, 0, 4]",F:maj
1000,92.8798,"[5, 5, 0, 4]",F:maj
1001,92.9727,"[5, 5, 0, 4]",F:maj
1002,93.0656,"[5, 5, 0, 4]",F:maj
1003,93.1585,"[5, 5, 0, 4]",F:maj
1004,93.2513,"[5, 5, 0, 4]",F:maj
1005,93.3442,"[5, 5, 0, 4]",F:maj
1006,93.4371,"[5, 5, 0, 4]",F:maj
1007,93.53,"[5, 5, 0, 4]",F:maj
1008,93.6229,"[5, 5, 0, 4]",F:maj
1009,93.7157,"[5, 5, 0, 4]",F:maj
1010,93.8086,"[5, 5, 0, 4]",F:maj
1011,93.9015,"[5, 5, 0, 4]",F:maj
1012,93.9944,"[5, 5, 0, 4]",F:maj
1013,94.0873,"[5, 5, 0, 4]",F:maj
1014,94.1801,"[5, 5, 0, 4]",F:maj
1015,94.273,"[5, 5, 0, 4]",F:maj
1016,94.3659,"[5, 5, 0, 4]",F:maj
1017,94.4588,"[5, 5, 0, 4]",F:maj
1018,94.5517,"[5, 5, 0, 4]",F:maj
1019,94.6445,"[5, 5, 0, 4]",F:maj
1020,94.7374,"[5, 5, 0, 4]",F:maj
1021,94.8303,"[5, 5, 0, 4]",F:maj
1022,94.9232,"[5, 5, 0, 4]",F:maj
1023,95.0161,"[5, 5, 0, 4]",F:maj
1024,95.1089,"[5, 5, 0, 4]",F:maj
1025,95.2018,"[5, 5, 0, 4]",F:maj
1026,95.2947,"[5, 5, 0, 4]",F:maj
1027,95.3876,"[5, 5, 0, 4]",F:maj
1028,95.4805,"[5, 5, 0, 4]",F:maj
1029,95.5733,"[5, 5, 0, 4]",F:maj
1030,95.6662,"[5, 5, 0, 4]",F:maj
1031,95.7591,"[5, 5, 0, 4]",F:maj
1032,95.852,"[5, 5, 0, 4]",F:maj
1033,95.9449,"[5, 5, 0, 4]",F:maj
1034,96.0377,"[5, 5, 0, 4]",F:maj
1035,96.1306,"[5, 5, 0, 4]",F:maj
1036,96.2235,"[5, 5, 0, 4]",F:maj
1037,96.3164,"[5, 5, 0, 4]",F:maj
1038,96.4093,"[5, 5, 0, 4]",F:maj
1039,96.5021,"[5, 5, 0, 4]",F:maj
1040,96.595,"[5, 5, 0, 4]",F:maj
1041,96.6879,"[5, 5, 0, 4]",F:maj
1042,96.7808,"[5, 5, 0, 4]",F:maj
1043,96.8737,"[5, 5, 0, 4]",F:maj
1044,96.9665,"[5, 5, 0, 4]",F:maj
1045,97.0594,"[5, 5, 0, 4]",F:maj
1046,97.1523,"[5, 5, 0, 4]",F:maj
1047,97.2452,"[5, 5, 0, 4]",F:maj
1048,97.338,"[5, 5, 0, 4]",F:maj
1049,97.4309,"[5, 5, 0, 4]",F:maj
1050,97.5238,"[5, 5, 0, 4]",F:maj
1051,97.6167,"[5, 5, 0, 4]",F:maj
1052,97.7096,"[5, 5, 0, 4]",F:maj
1053,97.8024,"[5, 5, 0, 4]",F:maj
1054,97.8953,"[5, 5, 0, 4]",F:maj
1055,97.9882,"[5, 5, 0, 4]",F:maj
1056,98.0811,"[5, 5, 0, 4]",F:maj
1057,98.174,"[5, 5, 0, 4]",F:maj
1058,98.2668,"[5, 5, 0, 4]",F:maj
1059,98.3597,"[5, 5, 0, 4]",F:maj
1060,98.4526,"[5, 5, 0, 4]",F:maj
1061,98.5455,"[5, 5, 0, 4]",F:maj
1062,98.6384,"[5, 5, 0, 4]",F:maj
1063,98.7312,"[5, 5, 0, 4]",F:maj
1064,98.8241,"[5, 5, 0, 4]",F:maj
1065,98.917,"[10, 5, 0, 4]",A#:maj/5
1066,99.0099,"[10, 5, 0, 4]",A#:maj/5
1067,99.1028,"[10, 5, 0, 4]",A#:maj/5
1068,99.1956,"[10, 5, 4, 4]",A#:sus2/5
1069,99.2885,"[10, 10, 4, 4]",A#:sus2
1070,99.3814,"[10, 10, 4, 4]",A#:sus2
1071,99.4743,"[10, 10, 4, 4]",A#:sus2
1072,99.5672,"[10, 10, 4, 4]",A#:sus2
1073,99.66,"[10, 10, 4, 4]",A#:sus2
1074,99.7529,"[10, 10, 4, 4]",A#:sus2
1075,99.8458,"[10, 10, 4, 4]",A#:sus2
1076,99.9387,"[10, 10, 4, 4]",A#:sus2
1077,100.0316,"[10, 10, 4, 4]",A#:sus2
1078,100.1244,"[10, 10, 4, 4]",A#:sus2
1079,100.2173,"[10, 10, 4, 4]",A#:sus2
1080,100.3102,"[10, 10, 4, 4]",A#:sus2
1081,100.4031,"[10, 10, 4, 4]",A#:sus2
1082,100.496,"[10, 10, 4, 4]",A#:sus2
1083,100.5888,"[10, 10, 4, 4]",A#:sus2
1084,100.6817,"[10, 10, 4, 4]",A#:sus2
1085,100.7746,"[10, 10, 4, 4]",A#:sus2
1086,100.8675,"[10, 10, 4, 4]",A#:sus2
1087,100.9604,"[10, 10, 5, 4]",A#:sus4
1088,101.0532,"[10, 10, 5, 4]",A#:sus4
1089,101.1461,"[10, 10, 5, 4]",A#:sus4
1090,101.239,"[10, 10, 5, 4]",A#:sus4
1091,101.3319,"[10, 10, 5, 4]",A#:sus4
1092,101.4248,"[10, 10, 5, 4]",A#:sus4
1093,101.5176,"[10, 10, 5, 4]",A#:sus4
1094,101.6105,"[10, 10, 5, 4]",A#:sus4
1095,101.7034,"[10, 10, 5, 4]",A#:sus4
1096,101.7963,"[10, 10, 5, 4]",A#:sus4
1097,101.8892,"[10, 10, 5, 4]",A#:sus4
1098,101.982,"[10, 10, 5, 4]",A#:sus4
1099,102.0749,"[10, 10, 5, 4]",A#:sus4
1100,102.1678,"[10, 10, 5, 4]",A#:sus4
1101,102.2607,"[10, 10, 5, 4]",A#:sus4
1102,102.3536,"[10, 10, 5, 4]",A#:sus4
1103,102.4464,"[10, 10, 5, 4]",A#:sus4
1104,102.5393,"[10, 5, 5, 4]",A#:sus4/5
1105,102.6322,"[5, 5, 0, 4]",F:maj
1106,102.7251,"[5, 5, 0, 4]",F:maj
1107,102.818,"[5, 5, 0, 4]",F:maj
1108,102.9108,"[5, 5, 0, 4]",F:maj
1109,103.0037,"[5, 5, 0, 4]",F:maj
1110,103.0966,"[5, 5, 0, 4]",F:maj
1111,103.1895,"[5, 5, 0, 4]",F:maj
1112,103.2824,"[5, 5, 0, 4]",F:maj
1113,103.3752,"[5, 5, 0, 4]",F:maj
1114,103.4681,"[5, 5, 0, 4]",F:maj
1115,103.561,"[5, 5, 5, 4]",F:sus4
1116,103.6539,"[5, 5, 5, 4]",F:sus4
1117,103.7468,"[5, 5, 5, 4]",F:sus4
1118,103.8396,"[5, 5, 5, 4]",F:sus4
1119,103.9325,"[5, 5, 5, 4]",F:sus4
1120,104.0254,"[5, 5, 5, 4]",F:sus4
1121,104.1183,"[5, 5, 5, 4]",F:sus4
1122,104.2112,"[5, 5, 5, 4]",F:sus4
1123,104.304,"[5, 5, 5, 4]",F:sus4
1124,104.3969,"[5, 5, 5, 4]",F:sus4
1125,104.4898,"[5, 5, 5, 4]",F:sus4
1126,104.5827,"[5, 5, 5, 4]",F:sus4
1127,104.6756,"[5, 5, 5, 4]",F:sus4
1128,104.7684,"[5, 5, 5, 4]",F:sus4
1129,104.8613,"[5, 5, 5, 4]",F:sus4
1130,104.9542,"[5, 5, 0, 4]",F:maj
1131,105.0471,"[5, 5, 0, 4]",F:maj
1132,105.14,"[5, 5, 0, 4]",F:maj
1133,105.2328,"[5, 5, 0, 4]",F:maj
1134,105.3257,"[5, 5, 0, 4]",F:maj
1135,105.4186,"[5, 5, 0, 4]",F:maj
1136,105.5115,"[5, 5, 0, 4]",F:maj
1137,105.6044,"[5, 5, 0, 4]",F:maj
1138,105.6972,"[5, 5, 0, 4]",F:maj
1139,105.7901,"[5, 5, 0, 4]",F:maj
1140,105.883,"[5, 5, 0, 4]",F:maj
1141,105.9759,"[5, 5, 0, 4]",F:maj
1142,106.0688,"[5, 5, 0, 4]",F:maj
1143,106.1616,"[5, 5, 0, 4]",F:maj
1144,106.2545,"[5, 5, 0, 4]",F:maj
1145,106.3474,"[5, 5, 0, 4]",F:maj
1146,106.4403,"[5, 5, 0, 4]",F:maj
1147,106.5332,"[5, 5, 0, 4]",F:maj
1148,106.626,"[5, 5, 0, 4]",F:maj
1149,106.7189,"[5, 5, 0, 4]",F:maj
1150,106.8118,"[5, 5, 0, 4]",F:maj
1151,106.9047,"[5, 5, 0, 4]",F:maj
1152,106.9976,"[5, 5, 0, 4]",F:maj
1153,107.0904,"[5, 5, 0, 4]",F:maj
1154,107.1833,"[5, 5, 0, 4]",F:maj
1155,107.2762,"[5, 5, 0, 4]",F:maj
1156,107.3691,"[5, 5, 0, 4]",F:maj
1157,107.462,"[5, 5, 0, 4]",F:maj
1158,107.5548,"[5, 5, 0, 4]",F:maj
1159,107.6477,"[5, 5, 0, 4]",F:maj
1160,107.7406,"[5, 5, 0, 4]",F:maj
1161,107.8335,"[5, 5, 0, 4]",F:maj
1162,107.9263,"[5, 5, 0, 4]",F:maj
1163,108.0192,"[5, 5, 0, 4]",F:maj
1164,108.1121,"[5, 5, 5, 4]",F:sus4
1165,108.205,"[5, 5, 5, 4]",F:sus4
1166,108.2979,"[5, 5, 5, 4]",F:sus4
1167,108.3907,"[5, 5, 5, 4]",F:sus4
1168,108.4836,"[5, 5, 5, 4]",F:sus4
1169,108.5765,"[5, 5, 5, 4]",F:sus4
1170,108.6694,"[5, 5, 5, 4]",F:sus4
1171,108.7623,"[5, 5, 5, 4]",F:sus4
1172,108.8551,"[5, 5, 5, 4]",F:sus4
1173,108.948,"[5, 5, 0, 4]",F:maj
1174,109.0409,"[5, 5, 0, 4]",F:maj
1175,109.1338,"[5, 5, 0, 4]",F:maj
1176,109.2267,"[5, 5, 0, 4]",F:maj
1177,109.3195,"[5, 5, 0, 4]",F:maj
1178,109.4124,"[5, 5, 0, 4]",F:maj
1179,109.5053,"[5, 5, 0, 4]",F:maj
1180,109.5982,"[5, 5, 0, 4]",F:maj
1181,109.6911,"[5, 5, 0, 4]",F:maj
1182,109.7839,"[5, 5, 0, 4]",F:maj
1183,109.8768,"[5, 5, 0, 4]",F:maj
1184,109.9697,"[5, 5, 0, 4]",F:maj
1185,110.0626,"[5, 5, 0, 4]",F:maj
1186,110.1555,"[5, 5, 0, 4]",F:maj
1187,110.2483,"[5, 5, 0, 4]",F:maj
1188,110.3412,"[5, 5, 0, 4]",F:maj
1189,110.4341,"[5, 5, 0, 4]",F:maj
1190,110.527,"[5, 5, 0, 4]",F:maj
1191,110.6199,"[5, 5, 0, 4]",F:maj
1192,110.7127,"[5, 5, 0, 4]",F:maj
1193,110.8056,"[5, 5, 0, 4]",F:maj
1194,110.8985,"[5, 7, 0, 4]",N
1195,110.9914,"[5, 7, 0, 4]",N
1196,111.0843,"[5, 7, 0, 4]",N
1197,111.1771,"[5, 7, 0, 4]",N
1198,111.27,"[5, 7, 0, 4]",N
1199,111.3629,"[5, 7, 0, 4]",N
1200,111.4558,"[5, 5, 4, 4]",F:sus2
1201,111.5487,"[5, 5, 4, 4]",F:sus2
1202,111.6415,"[5, 5, 4, 4]",F:sus2
1203,111.7344,"[5, 5, 4, 4]",F:sus2
1204,111.8273,"[5, 5, 4, 4]",F:sus2
1205,111.9202,"[5, 5, 4, 4]",F:sus2
1206,112.0131,"[5, 5, 4, 4]",F:sus2
1207,112.1059,"[5, 5, 4, 4]",F:sus2
1208,112.1988,"[10, 5, 4, 4]",A#:sus2/5
1209,112.2917,"[10, 5, 4, 4]",A#:sus2/5
1210,112.3846,"[10, 5, 4, 4]",A#:sus2/5
1211,112.4775,"[10, 10, 4, 4]",A#:sus2
1212,112.5703,"[10, 10, 4, 4]",A#:sus2
1213,112.6632,"[10, 10, 4, 4]",A#:sus2
1214,112.7561,"[10, 10, 4, 4]",A#:sus2
1215,112.849,"[10, 10, 4, 4]",A#:sus2
1216,112.9419,"[10, 10, 4, 4]",A#:sus2
1217,113.0347,"[10, 10, 4, 4]",A#:sus2
1218,113.1276,"[10, 10, 4, 4]",A#:sus2
1219,113.2205,"[10, 10, 4, 4]",A#:sus2
1220,113.3134,"[10, 10, 4, 4]",A#:sus2
1221,113.4063,"[10, 10, 4, 4]",A#:sus2
1222,113.4991,"[10, 10, 4, 4]",A#:sus2
1223,113.592,"[10, 10, 4, 4]",A#:sus2
1224,113.6849,"[10, 10, 4, 4]",A#:sus2
1225,113.7778,"[10, 10, 4, 4]",A#:sus2
1226,113.8707,"[10, 10, 4, 4]",A#:sus2
1227,113.9635,"[10, 10, 4, 4]",A#:sus2
1228,114.0564,"[10, 10, 4, 4]",A#:sus2
1229,114.1493,"[10, 10, 4, 4]",A#:sus2
1230,114.2422,"[10, 10, 4, 4]",A#:sus2
1231,114.3351,"[10, 10, 4, 4]",A#:sus2
1232,114.4279,"[10, 10, 4, 4]",A#:sus2
1233,114.5208,"[10, 10, 4, 4]",A#:sus2
1234,114.6137,"[10, 10, 4, 4]",A#:sus2
1235,114.7066,"[10, 10, 4, 4]",A#:sus2
1236,114.7995,"[10, 10, 4, 4]",A#:sus2
1237,114.8923,"[10, 10, 4, 4]",A#:sus2
1238,114.9852,"[10, 10, 4, 4]",A#:sus2
1239,115.0781,"[10, 10, 4, 4]",A#:sus2
1240,115.171,"[10, 10, 4, 4]",A#:sus2
1241,115.2639,"[10, 10, 4, 4]",A#:sus2
1242,115.3567,"[10, 10, 4, 4]",A#:sus2
1243,115.4496,"[10, 10, 4, 4]",A#:sus2
1244,115.5425,"[10, 10, 4, 4]",A#:sus2
1245,115.6354,"[10, 10, 4, 4]",A#:sus2
1246,115.7283,"[10, 10, 4, 4]",A#:sus2
1247,115.8211,"[10, 10, 4, 4]",A#:sus2
1248,115.914,"[10, 10, 4, 4]",A#:sus2
1249,116.0069,"[10, 10, 4, 4]",A#:sus2
1250,116.0998,"[10, 10, 4, 4]",A#:sus2
1251,116.1927,"[10, 10, 4, 4]",A#:sus2
1252,116.2855,"[10, 10, 4, 4]",A#:sus2
1253,116.3784,"[10, 10, 4, 4]",A#:sus2
1254,116.4713,"[10, 10, 4, 4]",A#:sus2
1255,116.5642,"[10, 10, 4, 4]",A#:sus2
1256,116.6571,"[10, 10, 4, 4]",A#:sus2
1257,116.7499,"[10, 10, 4, 4]",A#:sus2
1258,116.8428,"[10, 10, 4, 4]",A#:sus2
1259,116.9357,"[10, 10, 4, 4]",A#:sus2
1260,117.0286,"[10, 10, 4, 4]",A#:sus2
1261,117.1215,"[10, 10, 4, 4]",A#:sus2
1262,117.2143,"[10, 10, 4, 4]",A#:sus2
1263,117.3072,"[10, 10, 4, 4]",A#:sus2
1264,117.4001,"[10, 10, 4, 4]",A#:sus2
1265,117.493,"[10, 10, 4, 4]",A#:sus2
1266,117.5859,"[10, 10, 0, 4]",A#:maj
1267,117.6787,"[10, 10, 0, 4]",A#:maj
1268,117.7716,"[10, 10, 5, 4]",A#:sus4
1269,117.8645,"[10, 10, 5, 4]",A#:sus4
1270,117.9574,"[10, 10, 5, 4]",A#:sus4
1271,118.0502,"[10, 10, 5, 4]",A#:sus4
1272,118.1431,"[10, 10, 5, 4]",A#:sus4
1273,118.236,"[5, 10, 5, 4]",N
1274,118.3289,"[5, 5, 5, 4]",F:sus4
1275,118.4218,"[5, 5, 5, 4]",F:sus4
1276,118.5146,"[5, 5, 5, 4]",F:sus4
1277,118.6075,"[5, 5, 5, 4]",F:sus4
1278,118.7004,"[5, 5, 5, 4]",F:sus4
1279,118.7933,"[5, 5, 5, 4]",F:sus4
1280,118.8862,"[5, 5, 5, 4]",F:sus4
1281,118.979,"[5, 5, 5, 4]",F:sus4
1282,119.0719,"[5, 5, 5, 4]",F:sus4
1283,119.1648,"[5, 5, 5, 4]",F:sus4
1284,119.2577,"[5, 5, 5, 4]",F:sus4
1285,119.3506,"[5, 5, 5, 4]",F:sus4
1286,119.4434,"[5, 5, 5, 4]",F:sus4
1287,119.5363,"[5, 5, 5, 4]",F:sus4
1288,119.6292,"[5, 5, 5, 4]",F:sus4
1289,119.7221,"[5, 5, 5, 4]",F:sus4
1290,119.815,"[5, 5, 5, 4]",F:sus4
1291,119.9078,"[5, 5, 5, 4]",F:sus4
1292,120.0007,"[5, 5, 5, 4]",F:sus4
1293,120.0936,"[5, 5, 5, 4]",F:sus4
1294,120.1865,"[5, 5, 5, 4]",F:sus4
1295,120.2794,"[5, 5, 5, 4]",F:sus4
1296,120.3722,"[5, 5, 5, 4]",F:sus4
1297,120.4651,"[5, 5, 0, 4]",F:maj
1298,120.558,"[5, 5, 0, 4]",F:maj
1299,120.6509,"[5, 5, 0, 4]",F:maj
1300,120.7438,"[5, 5, 0, 4]",F:maj
1301,120.8366,"[5, 5, 0, 4]",F:maj
1302,120.9295,"[5, 5, 0, 4]",F:maj
1303,121.0224,"[5, 5, 0, 4]",F:maj
1304,121.1153,"[5, 5, 0, 4]",F:maj
1305,121.2082,"[5, 5, 0, 4]",F:maj
1306,121.301,"[5, 5, 0, 4]",F:maj
1307,121.3939,"[5, 5, 0, 4]",F:maj
1308,121.4868,"[5, 5, 0, 4]",F:maj
1309,121.5797,"[5, 5, 0, 4]",F:maj
1310,121.6726,"[5, 5, 0, 4]",F:maj
1311,121.7654,"[5, 5, 0, 4]",F:maj
1312,121.8583,"[5, 5, 0, 4]",F:maj
1313,121.9512,"[5, 5, 0, 4]",F:maj
1314,122.0441,"[5, 5, 0, 4]",F:maj
1315,122.137,"[5, 5, 0, 4]",F:maj
1316,122.2298,"[5, 5, 0, 4]",F:maj
1317,122.3227,"[5, 5, 0, 4]",F:maj
1318,122.4156,"[5, 5, 0, 4]",F:maj
1319,122.5085,"[5, 5, 0, 4]",F:maj
1320,122.6014,"[5, 5, 0, 4]",F:maj
1321,122.6942,"[5, 5, 0, 4]",F:maj
1322,122.7871,"[5, 5, 0, 4]",F:maj
1323,122.88,"[5, 5, 0, 4]",F:maj
1324,122.9729,"[5, 5, 0, 4]",F:maj
1325,123.0658,"[5, 5, 0, 4]",F:maj
1326,123.1586,"[5, 5, 0, 4]",F:maj
1327,123.2515,"[5, 5, 0, 4]",F:maj
1328,123.3444,"[5, 5, 0, 4]",F:maj
1329,123.4373,"[5, 5, 0, 4]",F:maj
1330,123.5302,"[5, 5, 0, 4]",F:maj
1331,123.623,"[5, 5, 0, 4]",F:maj
1332,123.7159,"[5, 5, 0, 4]",F:maj
1333,123.8088,"[5, 5, 0, 4]",F:maj
1334,123.9017,"[5, 5, 0, 4]",F:maj
1335,123.9946,"[5, 5, 0, 4]",F:maj
1336,124.0874,"[5, 5, 0, 4]",F:maj
1337,124.1803,"[5, 5, 0, 4]",F:maj
1338,124.2732,"[5, 5, 0, 4]",F:maj
1339,124.3661,"[5, 5, 0, 4]",F:maj
1340,124.459,"[5, 5, 0, 4]",F:maj
1341,124.5518,"[5, 5, 0, 4]",F:maj
1342,124.6447,"[5, 5, 0, 4]",F:maj
1343,124.7376,"[5, 5, 0, 4]",F:maj
1344,124.8305,"[5, 5, 0, 4]",F:maj
1345,124.9234,"[5, 5, 0, 4]",F:maj
1346,125.0162,"[5, 5, 0, 4]",F:maj
1347,125.1091,"[5, 5, 0, 4]",F:maj
1348,125.202,"[5, 5, 0, 4]",F:maj
1349,125.2949,"[5, 5, 0, 4]",F:maj
1350,125.3878,"[5, 5, 0, 4]",F:maj
1351,125.4806,"[5, 5, 0, 4]",F:maj
1352,125.5735,"[5, 5, 0, 4]",F:maj
1353,125.6664,"[5, 5, 0, 4]",F:maj
1354,125.7593,"[5, 5, 0, 4]",F:maj
1355,125.8522,"[5, 5, 0, 4]",F:maj
1356,125.945,"[5, 5, 0, 4]",F:maj
1357,126.0379,"[5, 5, 0, 4]",F:maj
1358,126.1308,"[5, 5, 0, 4]",F:maj
1359,126.2237,"[5, 5, 0, 4]",F:maj
1360,126.3166,"[5, 5, 0, 4]",F:maj
1361,126.4094,"[5, 5, 0, 4]",F:maj
1362,126.5023,"[5, 5, 0, 4]",F:maj
1363,126.5952,"[5, 5, 0, 4]",F:maj
1364,126.6881,"[5, 5, 0, 4]",F:maj
1365,126.781,"[10, 5, 0, 4]",A#:maj/5
1366,126.8738,"[10, 5, 0, 4]",A#:maj/5
1367,126.9667,"[10, 5, 0, 4]",A#:maj/5
1368,127.0596,"[10, 5, 4, 4]",A#:sus2/5
1369,127.1525,"[10, 10, 4, 4]",A#:sus2
1370,127.2454,"[10, 10, 4, 4]",A#:sus2
1371,127.3382,"[10, 10, 4, 4]",A#:sus2
1372,127.4311,"[10, 10, 4, 4]",A#:sus2
1373,127.524,"[10, 10, 4, 4]",A#:sus2
1374,127.6169,"[10, 10, 4, 4]",A#:sus2
1375,127.7098,"[10, 10, 4, 4]",A#:sus2
1376,127.8026,"[10, 10, 4, 4]",A#:sus2
1377,127.8955,"[10, 10, 4, 4]",A#:sus2
1378,127.9884,"[10, 10, 4, 4]",A#:sus2
1379,128.0813,"[10, 10, 4, 4]",A#:sus2
1380,128.1741,"[10, 10, 4, 4]",A#:sus2
1381,128.267,"[10, 10, 4, 4]",A#:sus2
1382,128.3599,"[10, 10, 4, 4]",A#:sus2
1383,128.4528,"[10, 10, 4, 4]",A#:sus2
1384,128.5457,"[10, 10, 4, 4]",A#:sus2
1385,128.6385,"[10, 10, 4, 4]",A#:sus2
1386,128.7314,"[10, 10, 4, 4]",A#:sus2
1387,128.8243,"[10, 10, 5, 4]",A#:sus4
1388,128.9172,"[10, 10, 5, 4]",A#:sus4
1389,129.0101,"[10, 10, 5, 4]",A#:sus4
1390,129.1029,"[10, 10, 5, 4]",A#:sus4
1391,129.1958,"[10, 10, 5, 4]",A#:sus4
1392,129.2887,"[10, 10, 5, 4]",A#:sus4
1393,129.3816,"[10, 10, 5, 4]",A#:sus4
1394,129.4745,"[10, 10, 5, 4]",A#:sus4
1395,129.5673,"[10, 10, 5, 4]",A#:sus4
1396,129.6602,"[10, 10, 5, 4]",A#:sus4
1397,129.7531,"[10, 10, 5, 4]",A#:sus4
1398,129.846,"[10, 10, 5, 4]",A#:sus4
1399,129.9389,"[10, 10, 5, 4]",A#:sus4
1400,130.0317,"[10, 10, 5, 4]",A#:sus4
1401,130.1246,"[10, 10, 5, 4]",A#:sus4
1402,130.2175,"[10, 10, 5, 4]",A#:sus4
1403,130.3104,"[10, 10, 5, 4]",A#:sus4
1404,130.4033,"[10, 5, 5, 4]",A#:sus4/5
1405,130.4961,"[5, 5, 0, 4]",F:maj
1406,130.589,"[5, 5, 0, 4]",F:maj
1407,130.6819,"[5, 5, 0, 4]",F:maj
1408,130.7748,"[5, 5, 0, 4]",F:maj
1409,130.8677,"[5, 5, 0, 4]",F:maj
1410,130.9605,"[5, 5, 0, 4]",F:maj
1411,131.0534,"[5, 5, 0, 4]",F:maj
1412,131.1463,"[5, 5, 0, 4]",F:maj
1413,131.2392,"[5, 5, 0, 4]",F:maj
1414,131.3321,"[5, 5, 0, 4]",F:maj
1415,131.4249,"[5, 5, 5, 4]",F:sus4
1416,131.5178,"[5, 5, 5, 4]",F:sus4
1417,131.6107,"[5, 5, 5, 4]",F:sus4
1418,131.7036,"[5, 5, 5, 4]",F:sus4
1419,131.7965,"[5, 5, 5, 4]",F:sus4
1420,131.8893,"[5, 5, 5, 4]",F:sus4
1421,131.9822,"[5, 5, 5, 4]",F:sus4
1422,132.0751,"[5, 5, 5, 4]",F:sus4
1423,132.168,"[5, 5, 5, 4]",F:sus4
1424,132.2609,"[5, 5, 5, 4]",F:sus4
1425,132.3537,"[5, 5, 5, 4]",F:sus4
1426,132.4466,"[5, 5, 5, 4]",F:sus4
1427,132.5395,"[5, 5, 5, 4]",F:sus4
1428,132.6324,"[5, 5, 5, 4]",F:sus4
1429,132.7253,"[5, 5, 5, 4]",F:sus4
1430,132.8181,"[5, 5, 0, 4]",F:maj
1431,132.911,"[5, 5, 0, 4]",F:maj
1432,133.0039,"[5, 5, 0, 4]",F:maj
1433,133.0968,"[5, 5, 0, 4]",F:maj
1434,133.1897,"[5, 5, 0, 4]",F:maj
1435,133.2825,"[5, 5, 0, 4]",F:maj
1436,133.3754,"[5, 5, 0, 4]",F:maj
1437,133.4683,"[5, 5, 0, 4]",F:maj
1438,133.5612,"[5, 5, 0, 4]",F:maj
1439,133.6541,"[5, 5, 0, 4]",F:maj
1440,133.7469,"[5, 5, 0, 4]",F:maj
1441,133.8398,"[5, 5, 0, 4]",F:maj
1442,133.9327,"[5, 5, 0, 4]",F:maj
1443,134.0256,"[5, 5, 0, 4]",F:maj
1444,134.1185,"[5, 5, 0, 4]",F:maj
1445,134.2113,"[5, 5, 0, 4]",F:maj
1446,134.3042,"[5, 5, 0, 4]",F:maj
1447,134.3971,"[5, 5, 0, 4]",F:maj
1448,134.49,"[5, 5, 0, 4]",F:maj
1449,134.5829,"[5, 5, 0, 4]",F:maj
1450,134.6757,"[5, 5, 0, 4]",F:maj
1451,134.7686,"[5, 5, 0, 4]",F:maj
1452,134.8615,"[5, 5, 0, 4]",F:maj
1453,134.9544,"[5, 5, 0, 4]",F:maj
1454,135.0473,"[5, 5, 0, 4]",F:maj
1455,135.1401,"[5, 5, 0, 4]",F:maj
1456,135.233,"[5, 5, 0, 4]",F:maj
1457,135.3259,"[5, 5, 0, 4]",F:maj
1458,135.4188,"[5, 5, 0, 4]",F:maj
1459,135.5117,"[5, 5, 0, 4]",F:maj
1460,135.6045,"[5, 5, 0, 4]",F:maj
1461,135.6974,"[5, 5, 0, 4]",F:maj
1462,135.7903,"[5, 5, 0, 4]",F:maj
1463,135.8832,"[5, 5, 0, 4]",F:maj
1464,135.9761,"[5, 5, 5, 4]",F:sus4
1465,136.0689,"[5, 5, 5, 4]",F:sus4
1466,136.1618,"[5, 5, 5, 4]",F:sus4
1467,136.2547,"[5, 5, 5, 4]",F:sus4
1468,136.3476,"[5, 5, 5, 4]",F:sus4
1469,136.4405,"[5, 5, 5, 4]",F:sus4
1470,136.5333,"[5, 5, 5, 4]",F:sus4
1471,136.6262,"[5, 5, 5, 4]",F:sus4
1472,136.7191,"[5, 5, 5, 4]",F:sus4
1473,136.812,"[5, 5, 0, 4]",F:maj
1474,136.9049,"[5, 5, 0, 4]",F:maj
1475,136.9977,"[5, 5, 0, 4]",F:maj
1476,137.0906,"[5, 5, 0, 4]",F:maj
1477,137.1835,"[5, 5, 0, 4]",F:maj
1478,137.2764,"[5, 5, 0, 4]",F:maj
1479,137.3693,"[5, 5, 0, 4]",F:maj
1480,137.4621,"[5, 5, 0, 4]",F:maj
1481,137.555,"[5, 5, 0, 4]",F:maj
1482,137.6479,"[5, 5, 0, 4]",F:maj
1483,137.7408,"[5, 5, 0, 4]",F:maj
1484,137.8337,"[5, 5, 0, 4]",F:maj
1485,137.9265,"[5, 5, 0, 4]",F:maj
1486,138.0194,"[5, 5, 0, 4]",F:maj
1487,138.1123,"[5, 5, 0, 4]",F:maj
1488,138.2052,"[5, 5, 0, 4]",F:maj
1489,138.298,"[5, 5, 0, 4]",F:maj
1490,138.3909,"[5, 5, 0, 4]",F:maj
1491,138.4838,"[5, 5, 0, 4]",F:maj
1492,138.5767,"[5, 5, 0, 4]",F:maj
1493,138.6696,"[5, 5, 0, 4]",F:maj
1494,138.7624,"[5, 7, 0, 4]",N
1495,138.8553,"[5, 7, 0, 4]",N
1496,138.9482,"[5, 7, 0, 4]",N
1497,139.0411,"[5, 7, 0, 4]",N
1498,139.134,"[5, 7, 0, 4]",N
1499,139.2268,"[5, 7, 0, 4]",N
1500,139.3197,"[5, 5, 4, 4]",F:sus2
1501,139.4126,"[5, 5, 4, 4]",F:sus2
1502,139.5055,"[5, 5, 4, 4]",F:sus2
1503,139.5984,"[5, 5, 4, 4]",F:sus2
1504,139.6912,"[5, 5, 4, 4]",F:sus2
1505,139.7841,"[5, 5, 4, 4]",F:sus2
1506,139.877,"[5, 5, 4, 4]",F:sus2
1507,139.9699,"[5, 5, 4, 4]",F:sus2
1508,140.0628,"[10, 5, 4, 4]",A#:sus2/5
1509,140.1556,"[10, 5, 4, 4]",A#:sus2/5
1510,140.2485,"[10, 5, 4, 4]",A#:sus2/5
1511,140.3414,"[10, 10, 4, 4]",A#:sus2
1512,140.4343,"[10, 10, 4, 4]",A#:sus2
1513,140.5272,"[10, 10, 4, 4]",A#:sus2
1514,140.62,"[10, 10, 4, 4]",A#:sus2
1515,140.7129,"[10, 10, 4, 4]",A#:sus2
1516,140.8058,"[10, 10, 4, 4]",A#:sus2
1517,140.8987,"[10, 10, 4, 4]",A#:sus2
1518,140.9916,"[10, 10, 4, 4]",A#:sus2
1519,141.0844,"[10, 10, 4, 4]",A#:sus2
1520,141.1773,"[10, 10, 4, 4]",A#:sus2
1521,141.2702,"[10, 10, 4, 4]",A#:sus2
1522,141.3631,"[10, 10, 4, 4]",A#:sus2
1523,141.456,"[10, 10, 4, 4]",A#:sus2
1524,141.5488,"[10, 10, 4, 4]",A#:sus2
1525,141.6417,"[10, 10, 4, 4]",A#:sus2
1526,141.7346,"[10, 10, 4, 4]",A#:sus2
1527,141.8275,"[10, 10, 4, 4]",A#:sus2
1528,141.9204,"[10, 10, 4, 4]",A#:sus2
1529,142.0132,"[10, 10, 4, 4]",A#:sus2
1530,142.1061,"[10, 10, 4, 4]",A#:sus2
1531,142.199,"[10, 10, 4, 4]",A#:sus2
1532,142.2919,"[10, 10, 4, 4]",A#:sus2
1533,142.3848,"[10, 10, 4, 4]",A#:sus2
1534,142.4776,"[10, 10, 4, 4]",A#:sus2
1535,142.5705,"[10, 10, 4, 4]",A#:sus2
1536,142.6634,"[10, 10, 4, 4]",A#:sus2
1537,142.7563,"[10, 10, 4, 4]",A#:sus2
1538,142.8492,"[10, 10, 4, 4]",A#:sus2
1539,142.942,"[10, 10, 4, 4]",A#:sus2
1540,143.0349,"[10, 10, 4, 4]",A#:sus2
1541,143.1278,"[10, 10, 4, 4]",A#:sus2
1542,143.2207,"[10, 10, 4, 4]",A#:sus2
1543,143.3136,"[10, 10, 4, 4]",A#:sus2
1544,143.4064,"[10, 10, 4, 4]",A#:sus2
1545,143.4993,"[10, 10, 4, 4]",A#:sus2
1546,143.5922,"[10, 10, 4, 4]",A#:sus2
1547,143.6851,"[10, 10, 4, 4]",A#:sus2
1548,143.778,"[10, 10, 4, 4]",A#:sus2
1549,143.8708,"[10, 10, 4, 4]",A#:sus2
1550,143.9637,"[10, 10, 4, 4]",A#:sus2
1551,144.0566,"[10, 10, 4, 4]",A#:sus2
1552,144.1495,"[10, 10, 4, 4]",A#:sus2
1553,144.2424,"[10, 10, 4, 4]",A#:sus2
1554,144.3352,"[10, 10, 4, 4]",A#:sus2
1555,144.4281,"[10, 10, 4, 4]",A#:sus2
1556,144.521,"[10, 10, 4, 4]",A#:sus2
1557,144.6139,"[10, 10, 4, 4]",A#:sus2
1558,144.7068,"[10, 10, 4, 4]",A#:sus2
1559,144.7996,"[10, 10, 4, 4]",A#:sus2
1560,144.8925,"[10, 10, 4, 4]",A#:sus2
1561,144.9854,"[10, 10, 4, 4]",A#:sus2
1562,145.0783,"[10, 10, 4, 4]",A#:sus2
1563,145.1712,"[10, 10, 4, 4]",A#:sus2
1564,145.264,"[10, 10, 4, 4]",A#:sus2
1565,145.3569,"[10, 10, 4, 4]",A#:sus2
1566,145.4498,"[10, 10, 0, 4]",A#:maj
1567,145.5427,"[10, 10, 0, 4]",A#:maj
1568,145.6356,"[10, 10, 5, 4]",A#:sus4
1569,145.7284,"[10, 10, 5, 4]",A#:sus4
1570,145.8213,"[10, 10, 5, 4]",A#:sus4
1571,145.9142,"[10, 10, 5, 4]",A#:sus4
1572,146.0071,"[10, 10, 5, 4]",A#:sus4
1573,146.1,"[5, 10, 5, 4]",N
1574,146.1928,"[5, 5, 5, 4]",F:sus4
1575,146.2857,"[5, 5, 5, 4]",F:sus4
1576,146.3786,"[5, 5, 5, 4]",F:sus4
1577,146.4715,"[5, 5, 5, 4]",F:sus4
1578,146.5644,"[5, 5, 5, 4]",F:sus4
1579,146.6572,"[5, 5, 5, 4]",F:sus4
1580,146.7501,"[5, 5, 5, 4]",F:sus4
1581,146.843,"[5, 5, 5, 4]",F:sus4
1582,146.9359,"[5, 5, 5, 4]",F:sus4
1583,147.0288,"[5, 5, 5, 4]",F:sus4
1584,147.1216,"[5, 5, 5, 4]",F:sus4
1585,147.2145,"[5, 5, 5, 4]",F:sus4
1586,147.3074,"[5, 5, 5, 4]",F:sus4
1587,147.4003,"[5, 5, 5, 4]",F:sus4
1588,147.4932,"[5, 5, 5, 4]",F:sus4
1589,147.586,"[5, 5, 5, 4]",F:sus4
1590,147.6789,"[5, 5, 5, 4]",F:sus4
1591,147.7718,"[5, 5, 5, 4]",F:sus4
1592,147.8647,"[5, 5, 5, 4]",F:sus4
1593,147.9576,"[5, 5, 5, 4]",F:sus4
1594,148.0504,"[5, 5, 5, 4]",F:sus4
1595,148.1433,"[5, 5, 5, 4]",F:sus4
1596,148.2362,"[5, 5, 5, 4]",F:sus4
1597,148.3291,"[5, 5, 0, 4]",F:maj
1598,148.422,"[5, 5, 0, 4]",F:maj
1599,148.5148,"[5, 5, 0, 4]",F:maj
1600,148.6077,"[5, 5, 0, 4]",F:maj
1601,148.7006,"[5, 5, 0, 4]",F:maj
1602,148.7935,"[5, 5, 0, 4]",F:maj
1603,148.8863,"[5, 5, 0, 4]",F:maj
1604,148.9792,"[5, 5, 0, 4]",F:maj
1605,149.0721,"[5, 5, 0, 4]",F:maj
1606,149.165,"[5, 5, 0, 4]",F:maj
1607,149.2579,"[5, 5, 0, 4]",F:maj
1608,149.3507,"[5, 5, 0, 4]",F:maj
1609,149.4436,"[5, 5, 0, 4]",F:maj
1610,149.5365,"[5, 5, 0, 4]",F:maj
1611,149.6294,"[5, 5, 0, 4]",F:maj
1612,149.7223,"[5, 5, 0, 4]",F:maj
1613,149.8151,"[5, 5, 0, 4]",F:maj
1614,149.908,"[5, 5, 0, 4]",F:maj
1615,150.0009,"[5, 5, 0, 4]",F:maj
1616,150.0938,"[5, 5, 0, 4]",F:maj
1617,150.1867,"[5, 5, 0, 4]",F:maj
1618,150.2795,"[5, 5, 0, 4]",F:maj
1619,150.3724,"[5, 5, 0, 4]",F:maj
1620,150.4653,"[5, 5, 0, 4]",F:maj
1621,150.5582,"[5, 5, 0, 4]",F:maj
1622,150.6511,"[5, 5, 0, 4]",F:maj
1623,150.7439,"[5, 5, 0, 4]",F:maj
1624,150.8368,"[5, 5, 0, 4]",F:maj
1625,150.9297,"[5, 5, 0, 4]",F:maj
1626,151.0226,"[5, 5, 0, 4]",F:maj
1627,151.1155,"[5, 5, 0, 4]",F:maj
1628,151.2083,"[5, 5, 0, 4]",F:maj
1629,151.3012,"[5, 5, 0, 4]",F:maj
1630,151.3941,"[5, 5, 0, 4]",F:maj
1631,151.487,"[5, 5, 0, 4]",F:maj
1632,151.5799,"[5, 5, 0, 4]",F:maj
1633,151.6727,"[5, 5, 0, 4]",F:maj
1634,151.7656,"[5, 5, 0, 4]",F:maj
1635,151.8585,"[5, 5, 0, 4]",F:maj
1636,151.9514,"[5, 5, 0, 4]",F:maj
1637,152.0443,"[5, 5, 0, 4]",F:maj
1638,152.1371,"[5, 5, 0, 4]",F:maj
1639,152.23,"[5, 5, 0, 4]",F:maj
1640,152.3229,"[5, 5, 0, 4]",F:maj
1641,152.4158,"[5, 5, 0, 4]",F:maj
1642,152.5087,"[5, 5, 0, 4]",F:maj
1643,152.6015,"[5, 5, 0, 4]",F:maj
1644,152.6944,"[5, 5, 0, 4]",F:maj
1645,152.7873,"[5, 5, 0, 4]",F:maj
1646,152.8802,"[5, 5, 0, 4]",F:maj
1647,152.9731,"[5, 5, 0, 4]",F:maj
1648,153.0659,"[5, 5, 0, 4]",F:maj
1649,153.1588,"[5, 5, 0, 4]",F:maj
1650,153.2517,"[5, 5, 0, 4]",F:maj
1651,153.3446,"[5, 5, 0, 4]",F:maj
1652,153.4375,"[5, 5, 0, 4]",F:maj
1653,153.5303,"[5, 5, 0, 4]",F:maj
1654,153.6232,"[5, 5, 0, 4]",F:maj
1655,153.7161,"[5, 5, 0, 4]",F:maj
1656,153.809,"[5, 5, 0, 4]",F:maj
1657,153.9019,"[5, 5, 0, 4]",F:maj
1658,153.9947,"[5, 5, 0, 4]",F:maj
1659,154.0876,"[5, 5, 0, 4]",F:maj
1660,154.1805,"[5, 5, 0, 4]",F:maj
1661,154.2734,"[5, 5, 0, 4]",F:maj
1662,154.3663,"[5, 5, 0, 4]",F:maj
1663,154.4591,"[5, 5, 0, 4]",F:maj
1664,154.552,"[5, 5, 0, 4]",F:maj
1665,154.6449,"[10, 5, 0, 4]",A#:maj/5
1666,154.7378,"[10, 5, 0, 4]",A#:maj/5
1667,154.8307,"[10, 5, 0, 4]",A#:maj/5
1668,154.9235,"[10, 5, 4, 4]",A#:sus2/5
1669,155.0164,"[10, 10, 4, 4]",A#:sus2
1670,155.1093,"[10, 10, 4, 4]",A#:sus2
1671,155.2022,"[10, 10, 4, 4]",A#:sus2
1672,155.2951,"[10, 10, 4, 4]",A#:sus2
1673,155.3879,"[10, 10, 4, 4]",A#:sus2
1674,155.4808,"[10, 10, 4, 4]",A#:sus2
1675,155.5737,"[10, 10, 4, 4]",A#:sus2
1676,155.6666,"[10, 10, 4, 4]",A#:sus2
1677,155.7595,"[10, 10, 4, 4]",A#:sus2
1678,155.8523,"[10, 10, 4, 4]",A#:sus2
1679,155.9452,"[10, 10, 4, 4]",A#:sus2
1680,156.0381,"[10, 10, 4, 4]",A#:sus2
1681,156.131,"[10, 10, 4, 4]",A#:sus2
1682,156.2239,"[10, 10, 4, 4]",A#:sus2
1683,156.3167,"[10, 10, 4, 4]",A#:sus2
1684,156.4096,"[10, 10, 4, 4]",A#:sus2
1685,156.5025,"[10, 10, 4, 4]",A#:sus2
1686,156.5954,"[10, 10, 4, 4]",A#:sus2
1687,156.6883,"[10, 10, 5, 4]",A#:sus4
1688,156.7811,"[10, 10, 5, 4]",A#:sus4
1689,156.874,"[10, 10, 5, 4]",A#:sus4
1690,156.9669,"[10, 10, 5, 4]",A#:sus4
1691,157.0598,"[10, 10, 5, 4]",A#:sus4
1692,157.1527,"[10, 10, 5, 4]",A#:sus4
1693,157.2455,"[10, 10, 5, 4]",A#:sus4
1694,157.3384,"[10, 10, 5, 4]",A#:sus4
1695,157.4313,"[10, 10, 5, 4]",A#:sus4
1696,157.5242,"[10, 10, 5, 4]",A#:sus4
1697,157.6171,"[10, 10, 5, 4]",A#:sus4
1698,157.7099,"[10, 10, 5, 4]",A#:sus4
1699,157.8028,"[10, 10, 5, 4]",A#:sus4
1700,157.8957,"[10, 10, 5, 4]",A#:sus4
1701,157.9886,"[10, 10, 5, 4]",A#:sus4
1702,158.0815,"[10, 10, 5, 4]",A#:sus4
1703,158.1743,"[10, 10, 5, 4]",A#:sus4
1704,158.2672,"[10, 5, 5, 4]",A#:sus4/5
1705,158.3601,"[5, 5, 0, 4]",F:maj
1706,158.453,"[5, 5, 0, 4]",F:maj
1707,158.5459,"[5, 5, 0, 4]",F:maj
1708,158.6387,"[5, 5, 0, 4]",F:maj
1709,158.7316,"[5, 5, 0, 4]",F:maj
1710,158.8245,"[5, 5, 0, 4]",F:maj
1711,158.9174,"[5, 5, 0, 4]",F:maj
1712,159.0102,"[5, 5, 0, 4]",F:maj
1713,159.1031,"[5, 5, 0, 4]",F:maj
1714,159.196,"[5, 5, 0, 4]",F:maj
1715,159.2889,"[5, 5, 5, 4]",F:sus4
1716,159.3818,"[5, 5, 5, 4]",F:sus4
1717,159.4746,"[5, 5, 5, 4]",F:sus4
1718,159.5675,"[5, 5, 5, 4]",F:sus4
1719,159.6604,"[5, 5, 5, 4]",F:sus4
1720,159.7533,"[5, 5, 5, 4]",F:sus4
1721,159.8462,"[5, 5, 5, 4]",F:sus4
1722,159.939,"[5, 5, 5, 4]",F:sus4
1723,160.0319,"[5, 5, 5, 4]",F:sus4
1724,160.1248,"[5, 5, 5, 4]",F:sus4
1725,160.2177,"[5, 5, 5, 4]",F:sus4
1726,160.3106,"[5, 5, 5, 4]",F:sus4
1727,160.4034,"[5, 5, 5, 4]",F:sus4
1728,160.4963,"[5, 5, 5, 4]",F:sus4
1729,160.5892,"[5, 5, 5, 4]",F:sus4
1730,160.6821,"[5, 5, 0, 4]",F:maj
1731,160.775,"[5, 5, 0, 4]",F:maj
1732,160.8678,"[5, 5, 0, 4]",F:maj
1733,160.9607,"[5, 5, 0, 4]",F:maj
1734,161.0536,"[5, 5, 0, 4]",F:maj
1735,161.1465,"[5, 5, 0, 4]",F:maj
1736,161.2394,"[5, 5, 0, 4]",F:maj
1737,161.3322,"[5, 5, 0, 4]",F:maj
1738,161.4251,"[5, 5, 0, 4]",F:maj
1739,161.518,"[5, 5, 0, 4]",F:maj
1740,161.6109,"[5, 5, 0, 4]",F:maj
1741,161.7038,"[5, 5, 0, 4]",F:maj
1742,161.7966,"[5, 5, 0, 4]",F:maj
1743,161.8895,"[5, 5, 0, 4]",F:maj
1744,161.9824,"[5, 5, 0, 4]",F:maj
1745,162.0753,"[5, 5, 0, 4]",F:maj
1746,162.1682,"[5, 5, 0, 4]",F:maj
1747,162.261,"[5, 5, 0, 4]",F:maj
1748,162.3539,"[5, 5, 0, 4]",F:maj
1749,162.4468,"[5, 5, 0, 4]",F:maj
1750,162.5397,"[5, 5, 0, 4]",F:maj
1751,162.6326,"[5, 5, 0, 4]",F:maj
1752,162.7254,"[5, 5, 0, 4]",F:maj
1753,162.8183,"[5, 5, 0, 4]",F:maj
1754,162.9112,"[5, 5, 0, 4]",F:maj
1755,163.0041,"[5, 5, 0, 4]",F:maj
1756,163.097,"[5, 5, 0, 4]",F:maj
1757,163.1898,"[5, 5, 0, 4]",F:maj
1758,163.2827,"[5, 5, 0, 4]",F:maj
1759,163.3756,"[5, 5, 0, 4]",F:maj
1760,163.4685,"[5, 5, 0, 4]",F:maj
1761,163.5614,"[5, 5, 0, 4]",F:maj
1762,163.6542,"[5, 5, 0, 4]",F:maj
1763,163.7471,"[5, 5, 0, 4]",F:maj
1764,163.84,"[5, 5, 5, 4]",F:sus4
1765,163.9329,"[5, 5, 5, 4]",F:sus4
1766,164.0258,"[5, 5, 5, 4]",F:sus4
1767,164.1186,"[5, 5, 5, 4]",F:sus4
1768,164.2115,"[5, 5, 5, 4]",F:sus4
1769,164.3044,"[5, 5, 5, 4]",F:sus4
1770,164.3973,"[5, 5, 5, 4]",F:sus4
1771,164.4902,"[5, 5, 5, 4]",F:sus4
1772,164.583,"[5, 5, 5, 4]",F:sus4
1773,164.6759,"[5, 5, 0, 4]",F:maj
1774,164.7688,"[5, 5, 0, 4]",F:maj
1775,164.8617,"[5, 5, 0, 4]",F:maj
1776,164.9546,"[5, 5, 0, 4]",F:maj
1777,165.0474,"[5, 5, 0, 4]",F:maj
1778,165.1403,"[5, 5, 0, 4]",F:maj
1779,165.2332,"[5, 5, 0, 4]",F:maj
1780,165.3261,"[5, 5, 0, 4]",F:maj
1781,165.419,"[5, 5, 0, 4]",F:maj
1782,165.5118,"[5, 5, 0, 4]",F:maj
1783,165.6047,"[5, 5, 0, 4]",F:maj
1784,165.6976,"[5, 5, 0, 4]",F:maj
1785,165.7905,"[5, 5, 0, 4]",F:maj
1786,165.8834,"[5, 5, 0, 4]",F:maj
1787,165.9762,"[5, 5, 0, 4]",F:maj
1788,166.0691,"[5, 5, 0, 4]",F:maj
1789,166.162,"[5, 5, 0, 4]",F:maj
1790,166.2549,"[5, 5, 0, 4]",F:maj
1791,166.3478,"[5, 5, 0, 4]",F:maj
1792,166.4406,"[5, 5, 0, 4]",F:maj
1793,166.5335,"[5, 5, 0, 4]",F:maj
1794,166.6264,"[5, 7, 0, 4]",N
1795,166.7193,"[5, 7, 0, 4]",N
1796,166.8122,"[5, 7, 0, 4]",N
1797,166.905,"[5, 7, 0, 4]",N
1798,166.9979,"[5, 7, 0, 4]",N
1799,167.0908,"[5, 7, 0, 4]",N
1800,167.1837,"[5, 5, 4, 4]",F:sus2
1801,167.2766,"[5, 5, 4, 4]",F:sus2
1802,167.3694,"[5, 5, 4, 4]",F:sus2
1803,167.4623,"[5, 5, 4, 4]",F:sus2
1804,167.5552,"[5, 5, 4, 4]",F:sus2
1805,167.6481,"[5, 5, 4, 4]",F:sus2
1806,167.741,"[5, 5, 4, 4]",F:sus2
1807,167.8338,"[5, 5, 4, 4]",F:sus2
1808,167.9267,"[10, 5, 4, 4]",A#:sus2/5
1809,168.0196,"[10, 5, 4, 4]",A#:sus2/5
1810,168.1125,"[10, 5, 4, 4]",A#:sus2/5
1811,168.2054,"[10, 10, 4, 4]",A#:sus2
1812,168.2982,"[10, 10, 4, 4]",A#:sus2
1813,168.3911,"[10, 10, 4, 4]",A#:sus2
1814,168.484,"[10, 10, 4, 4]",A#:sus2
1815,168.5769,"[10, 10, 4, 4]",A#:sus2
1816,168.6698,"[10, 10, 4, 4]",A#:sus2
1817,168.7626,"[10, 10, 4, 4]",A#:sus2
1818,168.8555,"[10, 10, 4, 4]",A#:sus2
1819,168.9484,"[10, 10, 4, 4]",A#:sus2
1820,169.0413,"[10, 10, 4, 4]",A#:sus2
1821,169.1341,"[10, 10, 4, 4]",A#:sus2
1822,169.227,"[10, 10, 4, 4]",A#:sus2
1823,169.3199,"[10, 10, 4, 4]",A#:sus2
1824,169.4128,"[10, 10, 4, 4]",A#:sus2
1825,169.5057,"[10, 10, 4, 4]",A#:sus2
1826,169.5985,"[10, 10, 4, 4]",A#:sus2
1827,169.6914,"[10, 10, 4, 4]",A#:sus2
1828,169.7843,"[10, 10, 4, 4]",A#:sus2
1829,169.8772,"[10, 10, 4, 4]",A#:sus2
1830,169.9701,"[10, 10, 4, 4]",A#:sus2
1831,170.0629,"[10, 10, 4, 4]",A#:sus2
1832,170.1558,"[10, 10, 4, 4]",A#:sus2
1833,170.2487,"[10, 10, 4, 4]",A#:sus2
1834,170.3416,"[10, 10, 4, 4]",A#:sus2
1835,170.4345,"[10, 10, 4, 4]",A#:sus2
1836,170.5273,"[10, 10, 4, 4]",A#:sus2
1837,170.6202,"[10, 10, 4, 4]",A#:sus2
1838,170.7131,"[10, 10, 4, 4]",A#:sus2
1839,170.806,"[10, 10, 4, 4]",A#:sus2
1840,170.8989,"[10, 10, 4, 4]",A#:sus2
1841,170.9917,"[10, 10, 4, 4]",A#:sus2
1842,171.0846,"[10, 10, 4, 4]",A#:sus2
1843,171.1775,"[10, 10, 4, 4]",A#:sus2
1844,171.2704,"[10, 10, 4, 4]",A#:sus2
1845,171.3633,"[10, 10, 4, 4]",A#:sus2
1846,171.4561,"[10, 10, 4, 4]",A#:sus2
1847,171.549,"[10, 10, 4, 4]",A#:sus2
1848,171.6419,"[10, 10, 4, 4]",A#:sus2
1849,171.7348,"[10, 10, 4, 4]",A#:sus2
1850,171.8277,"[10, 10, 4, 4]",A#:sus2
1851,171.9205,"[10, 10, 4, 4]",A#:sus2
1852,172.0134,"[10, 10, 4, 4]",A#:sus2
1853,172.1063,"[10, 10, 4, 4]",A#:sus2
1854,172.1992,"[10, 10, 4, 4]",A#:sus2
1855,172.2921,"[10, 10, 4, 4]",A#:sus2
1856,172.3849,"[10, 10, 4, 4]",A#:sus2
1857,172.4778,"[10, 10, 4, 4]",A#:sus2
1858,172.5707,"[10, 10, 4, 4]",A#:sus2
1859,172.6636,"[10, 10, 4, 4]",A#:sus2
1860,172.7565,"[10, 10, 4, 4]",A#:sus2
1861,172.8493,"[10, 10, 4, 4]",A#:sus2
1862,172.9422,"[10, 10, 4, 4]",A#:sus2
1863,173.0351,"[10, 10, 4, 4]",A#:sus2
1864,173.128,"[10, 10, 4, 4]",A#:sus2
1865,173.2209,"[10, 10, 4, 4]",A#:sus2
1866,173.3137,"[10, 10, 0, 4]",A#:maj
1867,173.4066,"[10, 10, 0, 4]",A#:maj
1868,173.4995,"[10, 10, 5, 4]",A#:sus4
1869,173.5924,"[10, 10, 5, 4]",A#:sus4
1870,173.6853,"[10, 10, 5, 4]",A#:sus4
1871,173.7781,"[10, 10, 5, 4]",A#:sus4
1872,173.871,"[10, 10, 5, 4]",A#:sus4
1873,173.9639,"[5, 10, 5, 4]",N
1874,174.0568,"[5, 5, 5, 4]",F:sus4
1875,174.1497,"[5, 5, 5, 4]",F:sus4
1876,174.2425,"[5, 5, 5, 4]",F:sus4
1877,174.3354,"[5, 5, 5, 4]",F:sus4
1878,174.4283,"[5, 5, 5, 4]",F:sus4
1879,174.5212,"[5, 5, 5, 4]",F:sus4
1880,174.6141,"[5, 5, 5, 4]",F:sus4
1881,174.7069,"[5, 5, 5, 4]",F:sus4
1882,174.7998,"[5, 5, 5, 4]",F:sus4
1883,174.8927,"[5, 5, 5, 4]",F:sus4
1884,174.9856,"[5, 5, 5, 4]",F:sus4
1885,175.0785,"[5, 5, 5, 4]",F:sus4
1886,175.1713,"[5, 5, 5, 4]",F:sus4
1887,175.2642,"[5, 5, 5, 4]",F:sus4
1888,175.3571,"[5, 5, 5, 4]",F:sus4
1889,175.45,"[5, 5, 5, 4]",F:sus4
1890,175.5429,"[5, 5, 5, 4]",F:sus4
1891,175.6357,"[5, 5, 5, 4]",F:sus4
1892,175.7286,"[5, 5, 5, 4]",F:sus4
1893,175.8215,"[5, 5, 5, 4]",F:sus4
1894,175.9144,"[5, 5, 5, 4]",F:sus4
1895,176.0073,"[5, 5, 5, 4]",F:sus4
1896,176.1001,"[5, 5, 5, 4]",F:sus4
1897,176.193,"[5, 5, 0, 4]",F:maj
1898,176.2859,"[5, 5, 0, 4]",F:maj
1899,176.3788,"[5, 5, 0, 4]",F:maj
1900,176.4717,"[5, 5, 0, 4]",F:maj
1901,176.5645,"[5, 5, 0, 4]",F:maj
1902,176.6574,"[5, 5, 0, 4]",F:maj
1903,176.7503,"[5, 5, 0, 4]",F:maj
1904,176.8432,"[5, 5, 0, 4]",F:maj
1905,176.9361,"[5, 5, 0, 4]",F:maj
1906,177.0289,"[5, 5, 0, 4]",F:maj
1907,177.1218,"[5, 5, 0, 4]",F:maj
1908,177.2147,"[5, 5, 0, 4]",F:maj
1909,177.3076,"[5, 5, 0, 4]",F:maj
1910,177.4005,"[5, 5, 0, 4]",F:maj
1911,177.4933,"[5, 5, 0, 4]",F:maj
1912,177.5862,"[5, 5, 0, 4]",F:maj
1913,177.6791,"[5, 5, 0, 4]",F:maj
1914,177.772,"[5, 5, 0, 4]",F:maj
1915,177.8649,"[5, 5, 0, 4]",F:maj
1916,177.9577,"[5, 5, 0, 4]",F:maj
1917,178.0506,"[5, 5, 0, 4]",F:maj
1918,178.1435,"[5, 5, 0, 4]",F:maj
1919,178.2364,"[5, 5, 0, 4]",F:maj
1920,178.3293,"[5, 5, 0, 4]",F:maj
1921,178.4221,"[5, 5, 0, 4]",F:maj
1922,178.515,"[5, 5, 0, 4]",F:maj
1923,178.6079,"[5, 5, 0, 4]",F:maj
1924,178.7008,"[5, 5, 0, 4]",F:maj
1925,178.7937,"[5, 5, 0, 4]",F:maj
1926,178.8865,"[5, 5, 0, 4]",F:maj
1927,178.9794,"[5, 5, 0, 4]",F:maj
1928,179.0723,"[5, 5, 0, 4]",F:maj
1929,179.1652,"[5, 5, 0, 4]",F:maj
1930,179.258,"[5, 5, 0, 4]",F:maj
1931,179.3509,"[5, 5, 0, 4]",F:maj
1932,179.4438,"[5, 5, 0, 4]",F:maj
1933,179.5367,"[5, 5, 0, 4]",F:maj
1934,179.6296,"[5, 5, 0, 4]",F:maj
1935,179.7224,"[5, 5, 0, 4]",F:maj
1936,179.8153,"[5, 5, 0, 4]",F:maj
1937,179.9082,"[5, 5, 0, 4]",F:maj
1938,180.0011,"[5, 5, 0, 4]",F:maj
1939,180.094,"[5, 5, 0, 4]",F:maj
1940,180.1868,"[5, 5, 0, 4]",F:maj
1941,180.2797,"[5, 5, 0, 4]",F:maj
1942,180.3726,"[5, 5, 0, 4]",F:maj
1943,180.4655,"[5, 5, 0, 4]",F:maj
1944,180.5584,"[5, 5, 0, 4]",F:maj
1945,180.6512,"[5, 5, 0, 4]",F:maj
1946,180.7441,"[5, 5, 0, 4]",F:maj
1947,180.837,"[5, 5, 0, 4]",F:maj
1948,180.9299,"[5, 5, 0, 4]",F:maj
1949,181.0228,"[5, 5, 0, 4]",F:maj
1950,181.1156,"[5, 5, 0, 4]",F:maj
1951,181.2085,"[5, 5, 0, 4]",F:maj
1952,181.3014,"[5, 5, 0, 4]",F:maj
1953,181.3943,"[5, 5, 0, 4]",F:maj
1954,181.4872,"[5, 5, 0, 4]",F:maj
1955,181.58,"[5, 5, 0, 4]",F:maj
1956,181.6729,"[5, 5, 0, 4]",F:maj
1957,181.7658,"[5, 5, 0, 4]",F:maj
1958,181.8587,"[5, 5, 0, 4]",F:maj
1959,181.9516,"[5, 5, 0, 4]",F:maj
1960,182.0444,"[5, 5, 0, 4]",F:maj
1961,182.1373,"[5, 5, 0, 4]",F:maj
1962,182.2302,"[5, 5, 0, 4]",F:maj
1963,182.3231,"[5, 5, 0, 4]",F:maj
1964,182.416,"[5, 5, 0, 4]",F:maj
1965,182.5088,"[10, 5, 0, 4]",A#:maj/5
1966,182.6017,"[10, 5, 0, 4]",A#:maj/5
1967,182.6946,"[10, 5, 0, 4]",A#:maj/5
1968,182.7875,"[10, 5, 4, 4]",A#:sus2/5
1969,182.8804,"[10, 10, 4, 4]",A#:sus2
1970,182.9732,"[10, 10, 4, 4]",A#:sus2
1971,183.0661,"[10, 10, 4, 4]",A#:sus2
1972,183.159,"[10, 10, 4, 4]",A#:sus2
1973,183.2519,"[10, 10, 4, 4]",A#:sus2
1974,183.3448,"[10, 10, 4, 4]",A#:sus2
1975,183.4376,"[10, 10, 4, 4]",A#:sus2
1976,183.5305,"[10, 10, 4, 4]",A#:sus2
1977,183.6234,"[10, 10, 4, 4]",A#:sus2
1978,183.7163,"[10, 10, 4, 4]",A#:sus2
1979,183.8092,"[10, 10, 4, 4]",A#:sus2
1980,183.902,"[10, 10, 4, 4]",A#:sus2
1981,183.9949,"[10, 10, 4, 4]",A#:sus2
1982,184.0878,"[10, 10, 4, 4]",A#:sus2
1983,184.1807,"[10, 10, 4, 4]",A#:sus2
1984,184.2736,"[10, 10, 4, 4]",A#:sus2
1985,184.3664,"[10, 10, 4, 4]",A#:sus2
1986,184.4593,"[10, 10, 4, 4]",A#:sus2
1987,184.5522,"[10, 10, 5, 4]",A#:sus4
1988,184.6451,"[10, 10, 5, 4]",A#:sus4
1989,184.738,"[10, 10, 5, 4]",A#:sus4
1990,184.8308,"[10, 10, 5, 4]",A#:sus4
1991,184.9237,"[10, 10, 5, 4]",A#:sus4
1992,185.0166,"[10, 10, 5, 4]",A#:sus4
1993,185.1095,"[10, 10, 5, 4]",A#:sus4
1994,185.2024,"[10, 10, 5, 4]",A#:sus4
1995,185.2952,"[10, 10, 5, 4]",A#:sus4
1996,185.3881,"[10, 10, 5, 4]",A#:sus4
1997,185.481,"[10, 10, 5, 4]",A#:sus4
1998,185.5739,"[10, 10, 5, 4]",A#:sus4
1999,185.6668,"[10, 10, 5, 4]",A#:sus4
2000,185.7596,"[10, 10, 5, 4]",A#:sus4
2001,185.8525,"[10, 10, 5, 4]",A#:sus4
2002,185.9454,"[10, 10, 5, 4]",A#:sus4
2003,186.0383,"[10, 10, 5, 4]",A#:sus4
2004,186.1312,"[10, 5, 5, 4]",A#:sus4/5
2005,186.224,"[5, 5, 0, 4]",F:maj
2006,186.3169,"[5, 5, 0, 4]",F:maj
2007,186.4098,"[5, 5, 0, 4]",F:maj
2008,186.5027,"[5, 5, 0, 4]",F:maj
2009,186.5956,"[5, 5, 0, 4]",F:maj
2010,186.6884,"[5, 5, 0, 4]",F:maj
2011,186.7813,"[5, 5, 0, 4]",F:maj
2012,186.8742,"[5, 5, 0, 4]",F:maj
2013,186.9671,"[5, 5, 0, 4]",F:maj
2014,187.06,"[5, 5, 0, 4]",F:maj
2015,187.1528,"[5, 5, 5, 4]",F:sus4
2016,187.2457,"[5, 5, 5, 4]",F:sus4
2017,187.3386,"[5, 5, 5, 4]",F:sus4
2018,187.4315,"[5, 5, 5, 4]",F:sus4
2019,187.5244,"[5, 5, 5, 4]",F:sus4
2020,187.6172,"[5, 5, 5, 4]",F:sus4
2021,187.7101,"[5, 5, 5, 4]",F:sus4
2022,187.803,"[5, 5, 5, 4]",F:sus4
2023,187.8959,"[5, 5, 5, 4]",F:sus4
2024,187.9888,"[5, 5, 5, 4]",F:sus4
2025,188.0816,"[5, 5, 5, 4]",F:sus4
2026,188.1745,"[5, 5, 5, 4]",F:sus4
2027,188.2674,"[5, 5, 5, 4]",F:sus4
2028,188.3603,"[5, 5, 5, 4]",F:sus4
2029,188.4532,"[5, 5, 5, 4]",F:sus4
2030,188.546,"[5, 5, 0, 4]",F:maj
2031,188.6389,"[5, 5, 0, 4]",F:maj
2032,188.7318,"[5, 5, 0, 4]",F:maj
2033,188.8247,"[5, 5, 0, 4]",F:maj
2034,188.9176,"[5, 5, 0, 4]",F:maj
2035,189.0104,"[5, 5, 0, 4]",F:maj
2036,189.1033,"[5, 5, 0, 4]",F:maj
2037,189.1962,"[5, 5, 0, 4]",F:maj
2038,189.2891,"[5, 5, 0, 4]",F:maj
2039,189.382,"[5, 5, 0, 4]",F:maj
2040,189.4748,"[5, 5, 0, 4]",F:maj
2041,189.5677,"[5, 5, 0, 4]",F:maj
2042,189.6606,"[5, 5, 0, 4]",F:maj
2043,189.7535,"[5, 5, 0, 4]",F:maj
2044,189.8463,"[5, 5, 0, 4]",F:maj
2045,189.9392,"[5, 5, 0, 4]",F:maj
2046,190.0321,"[5, 5, 0, 4]",F:maj
2047,190.125,"[5, 5, 0, 4]",F:maj
2048,190.2179,"[5, 5, 0, 4]",F:maj
2049,190.3107,"[5, 5, 0, 4]",F:maj
2050,190.4036,"[5, 5, 0, 4]",F:maj
2051,190.4965,"[5, 5, 0, 4]",F:maj
2052,190.5894,"[5, 5, 0, 4]",F:maj
2053,190.6823,"[5, 5, 0, 4]",F:maj
2054,190.7751,"[5, 5, 0, 4]",F:maj
2055,190.868,"[5, 5, 0, 4]",F:maj
2056,190.9609,"[5, 5, 0, 4]",F:maj
2057,191.0538,"[5, 5, 0, 4]",F:maj
2058,191.1467,"[5, 5, 0, 4]",F:maj
2059,191.2395,"[5, 5, 0, 4]",F:maj
2060,191.3324,"[5, 5, 0, 4]",F:maj
2061,191.4253,"[5, 5, 0, 4]",F:maj
2062,191.5182,"[5, 5, 0, 4]",F:maj
2063,191.6111,"[5, 5, 0, 4]",F:maj
2064,191.7039,"[5, 5, 5, 4]",F:sus4
2065,191.7968,"[5, 5, 5, 4]",F:sus4
2066,191.8897,"[5, 5, 5, 4]",F:sus4
2067,191.9826,"[5, 5, 5, 4]",F:sus4
2068,192.0755,"[5, 5, 5, 4]",F:sus4
2069,192.1683,"[5, 5, 5, 4]",F:sus4
2070,192.2612,"[5, 5, 5, 4]",F:sus4
2071,192.3541,"[5, 5, 5, 4]",F:sus4
2072,192.447,"[5, 5, 5, 4]",F:sus4
2073,192.5399,"[5, 5, 0, 4]",F:maj
2074,192.6327,"[5, 5, 0, 4]",F:maj
2075,192.7256,"[5, 5, 0, 4]",F:maj
2076,192.8185,"[5, 5, 0, 4]",F:maj
2077,192.9114,"[5, 5, 0, 4]",F:maj
2078,193.0043,"[5, 5, 0, 4]",F:maj
2079,193.0971,"[5, 5, 0, 4]",F:maj
2080,193.19,"[5, 5, 0, 4]",F:maj
2081,193.2829,"[5, 5, 0, 4]",F:maj
2082,193.3758,"[5, 5, 0, 4]",F:maj
2083,193.4687,"[5, 5, 0, 4]",F:maj
2084,193.5615,"[5, 5, 0, 4]",F:maj
2085,193.6544,"[5, 5, 0, 4]",F:maj
2086,193.7473,"[5, 5, 0, 4]",F:maj
2087,193.8402,"[5, 5, 0, 4]",F:maj
2088,193.9331,"[5, 5, 0, 4]",F:maj
2089,194.0259,"[5, 5, 0, 4]",F:maj
2090,194.1188,"[5, 5, 0, 4]",F:maj
2091,194.2117,"[5, 5, 0, 4]",F:maj
2092,194.3046,"[5, 5, 0, 4]",F:maj
2093,194.3975,"[5, 5, 0, 4]",F:maj
2094,194.4903,"[5, 7, 0, 4]",N
2095,194.5832,"[5, 7, 0, 4]",N
2096,194.6761,"[5, 7, 0, 4]",N
2097,194.769,"[5, 7, 0, 4]",N
2098,194.8619,"[5, 7, 0, 4]",N
2099,194.9547,"[5, 7, 0, 4]",N
2100,195.0476,"[5, 5, 4, 4]",F:sus2
2101,195.1405,"[5, 5, 4, 4]",F:sus2
2102,195.2334,"[5, 5, 4, 4]",F:sus2
2103,195.3263,"[5, 5, 4, 4]",F:sus2
2104,195.4191,"[5, 5, 4, 4]",F:sus2
2105,195.512,"[5, 5, 4, 4]",F:sus2
2106,195.6049,"[5, 5, 4, 4]",F:sus2
2107,195.6978,"[5, 5, 4, 4]",F:sus2
2108,195.7907,"[10, 5, 4, 4]",A#:sus2/5
2109,195.8835,"[10, 5, 4, 4]",A#:sus2/5
2110,195.9764,"[10, 5, 4, 4]",A#:sus2/5
2111,196.0693,"[10, 10, 4, 4]",A#:sus2
2112,196.1622,"[10, 10, 4, 4]",A#:sus2
2113,196.2551,"[10, 10, 4, 4]",A#:sus2
2114,196.3479,"[10, 10, 4, 4]",A#:sus2
2115,196.4408,"[10, 10, 4, 4]",A#:sus2
2116,196.5337,"[10, 10, 4, 4]",A#:sus2
2117,196.6266,"[10, 10, 4, 4]",A#:sus2
2118,196.7195,"[10, 10, 4, 4]",A#:sus2
2119,196.8123,"[10, 10, 4, 4]",A#:sus2
2120,196.9052,"[10, 10, 4, 4]",A#:sus2
2121,196.9981,"[10, 10, 4, 4]",A#:sus2
2122,197.091,"[10, 10, 4, 4]",A#:sus2
2123,197.1839,"[10, 10, 4, 4]",A#:sus2
2124,197.2767,"[10, 10, 4, 4]",A#:sus2
2125,197.3696,"[10, 10, 4, 4]",A#:sus2
2126,197.4625,"[10, 10, 4, 4]",A#:sus2
2127,197.5554,"[10, 10, 4, 4]",A#:sus2
2128,197.6483,"[10, 10, 4, 4]",A#:sus2
2129,197.7411,"[10, 10, 4, 4]",A#:sus2
2130,197.834,"[10, 10, 4, 4]",A#:sus2
2131,197.9269,"[10, 10, 4, 4]",A#:sus2
2132,198.0198,"[10, 10, 4, 4]",A#:sus2
2133,198.1127,"[10, 10, 4, 4]",A#:sus2
2134,198.2055,"[10, 10, 4, 4]",A#:sus2
2135,198.2984,"[10, 10, 4, 4]",A#:sus2
2136,198.3913,"[10, 10, 4, 4]",A#:sus2
2137,198.4842,"[10, 10, 4, 4]",A#:sus2
2138,198.5771,"[10, 10, 4, 4]",A#:sus2
2139,198.6699,"[10, 10, 4, 4]",A#:sus2
2140,198.7628,"[10, 10, 4, 4]",A#:sus2
2141,198.8557,"[10, 10, 4, 4]",A#:sus2
2142,198.9486,"[10, 10, 4, 4]",A#:sus2
2143,199.0415,"[10, 10, 4, 4]",A#:sus2
2144,199.1343,"[10, 10, 4, 4]",A#:sus2
2145,199.2272,"[10, 10, 4, 4]",A#:sus2
2146,199.3201,"[10, 10, 4, 4]",A#:sus2
2147,199.413,"[10, 10, 4, 4]",A#:sus2
2148,199.5059,"[10, 10, 4, 4]",A#:sus2
2149,199.5987,"[10, 10, 4, 4]",A#:sus2
2150,199.6916,"[10, 10, 4, 4]",A#:sus2
2151,199.7845,"[10, 10, 4, 4]",A#:sus2
2152,199.8774,"[10, 10, 4, 4]",A#:sus2
2153,199.9702,"[10, 10, 4, 4]",A#:sus2
2154,200.0631,"[10, 10, 4, 4]",A#:sus2
2155,200.156,"[10, 10, 4, 4]",A#:sus2
2156,200.2489,"[10, 10, 4, 4]",A#:sus2
2157,200.3418,"[10, 10, 4, 4]",A#:sus2
2158,200.4346,"[10, 10, 4, 4]",A#:sus2
2159,200.5275,"[10, 10, 4, 4]",A#:sus2
2160,200.6204,"[10, 10, 4, 4]",A#:sus2
2161,200.7133,"[10, 10, 4, 4]",A#:sus2
2162,200.8062,"[10, 10, 4, 4]",A#:sus2
2163,200.899,"[10, 10, 4, 4]",A#:sus2
2164,200.9919,"[10, 10, 4, 4]",A#:sus2
2165,201.0848,"[10, 10, 4, 4]",A#:sus2
2166,201.1777,"[10, 10, 0, 4]",A#:maj
2167,201.2706,"[10, 10, 0, 4]",A#:maj
2168,201.3634,"[10, 10, 5, 4]",A#:sus4
2169,201.4563,"[10, 10, 5, 4]",A#:sus4
2170,201.5492,"[10, 10, 5, 4]",A#:sus4
2171,201.6421,"[10, 10, 5, 4]",A#:sus4
2172,201.735,"[10, 10, 5, 4]",A#:sus4
2173,201.8278,"[5, 10, 5, 4]",N
2174,201.9207,"[5, 5, 5, 4]",F:sus4
2175,202.0136,"[5, 5, 5, 4]",F:sus4
2176,202.1065,"[5, 5, 5, 4]",F:sus4
2177,202.1994,"[5, 5, 5, 4]",F:sus4
2178,202.2922,"[5, 5, 5, 4]",F:sus4
2179,202.3851,"[5, 5, 5, 4]",F:sus4
2180,202.478,"[5, 5, 5, 4]",F:sus4
2181,202.5709,"[5, 5, 5, 4]",F:sus4
2182,202.6638,"[5, 5, 5, 4]",F:sus4
2183,202.7566,"[5, 5, 5, 4]",F:sus4
2184,202.8495,"[5, 5, 5, 4]",F:sus4
2185,202.9424,"[5, 5, 5, 4]",F:sus4
2186,203.0353,"[5, 5, 5, 4]",F:sus4
2187,203.1282,"[5, 5, 5, 4]",F:sus4
2188,203.221,"[5, 5, 5, 4]",F:sus4
2189,203.3139,"[5, 5, 5, 4]",F:sus4
2190,203.4068,"[5, 5, 5, 4]",F:sus4
2191,203.4997,"[5, 5, 5, 4]",F:sus4
2192,203.5926,"[5, 5, 5, 4]",F:sus4
2193,203.6854,"[5, 5, 5, 4]",F:sus4
2194,203.7783,"[5, 5, 5, 4]",F:sus4
2195,203.8712,"[5, 5, 5, 4]",F:sus4
2196,203.9641,"[5, 5, 5, 4]",F:sus4
2197,204.057,"[5, 5, 0, 4]",F:maj
2198,204.1498,"[5, 5, 0, 4]",F:maj
2199,204.2427,"[5, 5, 0, 4]",F:maj
2200,204.3356,"[5, 5, 0, 4]",F:maj
2201,204.4285,"[5, 5, 0, 4]",F:maj
2202,204.5214,"[5, 5, 0, 4]",F:maj
2203,204.6142,"[5, 5, 0, 4]",F:maj
2204,204.7071,"[5, 5, 0, 4]",F:maj
2205,204.8,"[5, 5, 0, 4]",F:maj
2206,204.8929,"[5, 5, 0, 4]",F:maj
2207,204.9858,"[5, 5, 0, 4]",F:maj
2208,205.0786,"[5, 5, 0, 4]",F:maj
2209,205.1715,"[5, 5, 0, 4]",F:maj
2210,205.2644,"[5, 5, 0, 4]",F:maj
2211,205.3573,"[5, 5, 0, 4]",F:maj
2212,205.4502,"[5, 5, 0, 4]",F:maj
2213,205.543,"[5, 5, 0, 4]",F:maj
2214,205.6359,"[5, 5, 0, 4]",F:maj
2215,205.7288,"[5, 5, 0, 4]",F:maj
2216,205.8217,"[5, 5, 0, 4]",F:maj
2217,205.9146,"[5, 5, 0, 4]",F:maj
2218,206.0074,"[5, 5, 0, 4]",F:maj
2219,206.1003,"[5, 5, 0, 4]",F:maj
2220,206.1932,"[5, 5, 0, 4]",F:maj
2221,206.2861,"[5, 5, 0, 4]",F:maj
2222,206.379,"[5, 5, 0, 4]",F:maj
2223,206.4718,"[5, 5, 0, 4]",F:maj
2224,206.5647,"[5, 5, 0, 4]",F:maj
2225,206.6576,"[5, 5, 0, 4]",F:maj
2226,206.7505,"[5, 5, 0, 4]",F:maj
2227,206.8434,"[5, 5, 0, 4]",F:maj
2228,206.9362,"[5, 5, 0, 4]",F:maj
2229,207.0291,"[5, 5, 0, 4]",F:maj
2230,207.122,"[5, 5, 0, 4]",F:maj
2231,207.2149,"[5, 5, 0, 4]",F:maj
2232,207.3078,"[5, 5, 0, 4]",F:maj
2233,207.4006,"[5, 5, 0, 4]",F:maj
2234,207.4935,"[5, 5, 0, 4]",F:maj
2235,207.5864,"[5, 5, 0, 4]",F:maj
2236,207.6793,"[5, 5, 0, 4]",F:maj
2237,207.7722,"[5, 5, 0, 4]",F:maj
2238,207.865,"[5, 5, 0, 4]",F:maj
2239,207.9579,"[5, 5, 0, 4]",F:maj
2240,208.0508,"[5, 5, 0, 4]",F:maj
2241,208.1437,"[5, 5, 0, 4]",F:maj
2242,208.2366,"[5, 5, 0, 4]",F:maj
2243,208.3294,"[5, 5, 0, 4]",F:maj
2244,208.4223,"[5, 5, 0, 4]",F:maj
2245,208.5152,"[5, 5, 0, 4]",F:maj
2246,208.6081,"[5, 5, 0, 4]",F:maj
2247,208.701,"[5, 5, 0, 4]",F:maj
2248,208.7938,"[5, 5, 0, 4]",F:maj
2249,208.8867,"[5, 5, 0, 4]",F:maj
2250,208.9796,"[5, 5, 0, 4]",F:maj
2251,209.0725,"[5, 5, 0, 4]",F:maj
2252,209.1654,"[5, 5, 0, 4]",F:maj
2253,209.2582,"[5, 5, 0, 4]",F:maj
2254,209.3511,"[5, 5, 0, 4]",F:maj
2255,209.444,"[5, 5, 0, 4]",F:maj
2256,209.5369,"[5, 5, 0, 4]",F:maj
2257,209.6298,"[5, 5, 0, 4]",F:maj
2258,209.7226,"[5, 5, 0, 4]",F:maj
2259,209.8155,"[5, 5, 0, 4]",F:maj
2260,209.9084,"[5, 5, 0, 4]",F:maj
2261,210.0013,"[5, 5, 0, 4]",F:maj
2262,210.0941,"[5, 5, 0, 4]",F:maj
2263,210.187,"[5, 5, 0, 4]",F:maj
2264,210.2799,"[5, 5, 0, 4]",F:maj
2265,210.3728,"[10, 5, 0, 4]",A#:maj/5
2266,210.4657,"[10, 5, 0, 4]",A#:maj/5
2267,210.5585,"[10, 5, 0, 4]",A#:maj/5
2268,210.6514,"[10, 5, 4, 4]",A#:sus2/5
2269,210.7443,"[10, 10, 4, 4]",A#:sus2
2270,210.8372,"[10, 10, 4, 4]",A#:sus2
2271,210.9301,"[10, 10, 4, 4]",A#:sus2
2272,211.0229,"[10, 10, 4, 4]",A#:sus2
2273,211.1158,"[10, 10, 4, 4]",A#:sus2
2274,211.2087,"[10, 10, 4, 4]",A#:sus2
2275,211.3016,"[10, 10, 4, 4]",A#:sus2
2276,211.3945,"[10, 10, 4, 4]",A#:sus2
2277,211.4873,"[10, 10, 4, 4]",A#:sus2
2278,211.5802,"[10, 10, 4, 4]",A#:sus2
2279,211.6731,"[10, 10, 4, 4]",A#:sus2
2280,211.766,"[10, 10, 4, 4]",A#:sus2
2281,211.8589,"[10, 10, 4, 4]",A#:sus2
2282,211.9517,"[10, 10, 4, 4]",A#:sus2
2283,212.0446,"[10, 10, 4, 4]",A#:sus2
2284,212.1375,"[10, 10, 4, 4]",A#:sus2
2285,212.2304,"[10, 10, 4, 4]",A#:sus2
2286,212.3233,"[10, 10, 4, 4]",A#:sus2
2287,212.4161,"[10, 10, 5, 4]",A#:sus4
2288,212.509,"[10, 10, 5, 4]",A#:sus4
2289,212.6019,"[10, 10, 5, 4]",A#:sus4
2290,212.6948,"[10, 10, 5, 4]",A#:sus4
2291,212.7877,"[10, 10, 5, 4]",A#:sus4
2292,212.8805,"[10, 10, 5, 4]",A#:sus4
2293,212.9734,"[10, 10, 5, 4]",A#:sus4
2294,213.0663,"[10, 10, 5, 4]",A#:sus4
2295,213.1592,"[10, 10, 5, 4]",A#:sus4
2296,213.2521,"[10, 10, 5, 4]",A#:sus4
2297,213.3449,"[10, 10, 5, 4]",A#:sus4
2298,213.4378,"[10, 10, 5, 4]",A#:sus4
2299,213.5307,"[10, 10, 5, 4]",A#:sus4
2300,213.6236,"[10, 10, 5, 4]",A#:sus4
2301,213.7165,"[10, 10, 5, 4]",A#:sus4
2302,213.8093,"[10, 10, 5, 4]",A#:sus4
2303,213.9022,"[10, 10, 5, 4]",A#:sus4
2304,213.9951,"[10, 5, 5, 4]",A#:sus4/5
2305,214.088,"[5, 5, 0, 4]",F:maj
2306,214.1809,"[5, 5, 0, 4]",F:maj
2307,214.2737,"[5, 5, 0, 4]",F:maj
2308,214.3666,"[5, 5, 0, 4]",F:maj
2309,214.4595,"[5, 5, 0, 4]",F:maj
2310,214.5524,"[5, 5, 0, 4]",F:maj
2311,214.6453,"[5, 5, 0, 4]",F:maj
2312,214.7381,"[5, 5, 0, 4]",F:maj
2313,214.831,"[5, 5, 0, 4]",F:maj
2314,214.9239,"[5, 5, 0, 4]",F:maj
2315,215.0168,"[5, 5, 5, 4]",F:sus4
2316,215.1097,"[5, 5, 5, 4]",F:sus4
2317,215.2025,"[5, 5, 5, 4]",F:sus4
2318,215.2954,"[5, 5, 5, 4]",F:sus4
2319,215.3883,"[5, 5, 5, 4]",F:sus4
2320,215.4812,"[5, 5, 5, 4]",F:sus4
2321,215.5741,"[5, 5, 5, 4]",F:sus4
2322,215.6669,"[5, 5, 5, 4]",F:sus4
2323,215.7598,"[5, 5, 5, 4]",F:sus4
2324,215.8527,"[5, 5, 5, 4]",F:sus4
2325,215.9456,"[5, 5, 5, 4]",F:sus4
2326,216.0385,"[5, 5, 5, 4]",F:sus4
2327,216.1313,"[5, 5, 5, 4]",F:sus4
2328,216.2242,"[5, 5, 5, 4]",F:sus4
2329,216.3171,"[5, 5, 5, 4]",F:sus4
2330,216.41,"[5, 5, 0, 4]",F:maj
2331,216.5029,"[5, 5, 0, 4]",F:maj
2332,216.5957,"[5, 5, 0, 4]",F:maj
2333,216.6886,"[5, 5, 0, 4]",F:maj
2334,216.7815,"[5, 5, 0, 4]",F:maj
2335,216.8744,"[5, 5, 0, 4]",F:maj
2336,216.9673,"[5, 5, 0, 4]",F:maj
2337,217.0601,"[5, 5, 0, 4]",F:maj
2338,217.153,"[5, 5, 0, 4]",F:maj
2339,217.2459,"[5, 5, 0, 4]",F:maj
2340,217.3388,"[5, 5, 0, 4]",F:maj
2341,217.4317,"[5, 5, 0, 4]",F:maj
2342,217.5245,"[5, 5, 0, 4]",F:maj
2343,217.6174,"[5, 5, 0, 4]",F:maj
2344,217.7103,"[5, 5, 0, 4]",F:maj
2345,217.8032,"[5, 5, 0, 4]",F:maj
2346,217.8961,"[5, 5, 0, 4]",F:maj
2347,217.9889,"[5, 5, 0, 4]",F:maj
2348,218.0818,"[5, 5, 0, 4]",F:maj
2349,218.1747,"[5, 5, 0, 4]",F:maj
2350,218.2676,"[5, 5, 0, 4]",F:maj
2351,218.3605,"[5, 5, 0, 4]",F:maj
2352,218.4533,"[5, 5, 0, 4]",F:maj
2353,218.5462,"[5, 5, 0, 4]",F:maj
2354,218.6391,"[5, 5, 0, 4]",F:maj
2355,218.732,"[5, 5, 0, 4]",F:maj
2356,218.8249,"[5, 5, 0, 4]",F:maj
2357,218.9177,"[5, 5, 0, 4]",F:maj
2358,219.0106,"[5, 5, 0, 4]",F:maj
2359,219.1035,"[5, 5, 0, 4]",F:maj
2360,219.1964,"[5, 5, 0, 4]",F:maj
2361,219.2893,"[5, 5, 0, 4]",F:maj
2362,219.3821,"[5, 5, 0, 4]",F:maj
2363,219.475,"[5, 5, 0, 4]",F:maj
2364,219.5679,"[5, 5, 5, 4]",F:sus4
2365,219.6608,"[5, 5, 5, 4]",F:sus4
2366,219.7537,"[5, 5, 5, 4]",F:sus4
2367,219.8465,"[5, 5, 5, 4]",F:sus4
2368,219.9394,"[5, 5, 5, 4]",F:sus4
2369,220.0323,"[5, 5, 5, 4]",F:sus4
2370,220.1252,"[5, 5, 5, 4]",F:sus4
2371,220.218,"[5, 5, 5, 4]",F:sus4
2372,220.3109,"[5, 5, 5, 4]",F:sus4
2373,220.4038,"[5, 5, 0, 4]",F:maj
2374,220.4967,"[5, 5, 0, 4]",F:maj
2375,220.5896,"[5, 5, 0, 4]",F:maj
2376,220.6824,"[5, 5, 0, 4]",F:maj
2377,220.7753,"[5, 5, 0, 4]",F:maj
2378,220.8682,"[5, 5, 0, 4]",F:maj
2379,220.9611,"[5, 5, 0, 4]",F:maj
2380,221.054,"[5, 5, 0, 4]",F:maj
2381,221.1468,"[5, 5, 0, 4]",F:maj
2382,221.2397,"[5, 5, 0, 4]",F:maj
2383,221.3326,"[5, 5, 0, 4]",F:maj
2384,221.4255,"[5, 5, 0, 4]",F:maj
2385,221.5184,"[5, 5, 0, 4]",F:maj
2386,221.6112,"[5, 5, 0, 4]",F:maj
2387,221.7041,"[5, 5, 0, 4]",F:maj
2388,221.797,"[5, 5, 0, 4]",F:maj
2389,221.8899,"[5, 5, 0, 4]",F:maj
2390,221.9828,"[5, 5, 0, 4]",F:maj
2391,222.0756,"[5, 5, 0, 4]",F:maj
2392,222.1685,"[5, 5, 0, 4]",F:maj
2393,222.2614,"[5, 5, 0, 4]",F:maj
2394,222.3543,"[5, 7, 0, 4]",N
2395,222.4472,"[5, 7, 0, 4]",N
2396,222.54,"[5, 7, 0, 4]",N
2397,222.6329,"[5, 7, 0, 4]",N
2398,222.7258,"[5, 7, 0, 4]",N
2399,222.8187,"[5, 7, 0, 4]",N
2400,222.9116,"[5, 5, 4, 4]",F:sus2
2401,223.0044,"[5, 5, 4, 4]",F:sus2
2402,223.0973,"[5, 5, 4, 4]",F:sus2
2403,223.1902,"[5, 5, 4, 4]",F:sus2
2404,223.2831,"[5, 5, 4, 4]",F:sus2
2405,223.376,"[5, 5, 4, 4]",F:sus2
2406,223.4688,"[5, 5, 4, 4]",F:sus2
2407,223.5617,"[5, 5, 4, 4]",F:sus2
2408,223.6546,"[10, 5, 4, 4]",A#:sus2/5
2409,223.7475,"[10, 5, 4, 4]",A#:sus2/5
2410,223.8404,"[10, 5, 4, 4]",A#:sus2/5
2411,223.9332,"[10, 10, 4, 4]",A#:sus2
2412,224.0261,"[10, 10, 4, 4]",A#:sus2
2413,224.119,"[10, 10, 4, 4]",A#:sus2
2414,224.2119,"[10, 10, 4, 4]",A#:sus2
2415,224.3048,"[10, 10, 4, 4]",A#:sus2
2416,224.3976,"[10, 10, 4, 4]",A#:sus2
2417,224.4905,"[10, 10, 4, 4]",A#:sus2
2418,224.5834,"[10, 10, 4, 4]",A#:sus2
2419,224.6763,"[10, 10, 4, 4]",A#:sus2
2420,224.7692,"[10, 10, 4, 4]",A#:sus2
2421,224.862,"[10, 10, 4, 4]",A#:sus2
2422,224.9549,"[10, 10, 4, 4]",A#:sus2
2423,225.0478,"[10, 10, 4, 4]",A#:sus2
2424,225.1407,"[10, 10, 4, 4]",A#:sus2
2425,225.2336,"[10, 10, 4, 4]",A#:sus2
2426,225.3264,"[10, 10, 4, 4]",A#:sus2
2427,225.4193,"[10, 10, 4, 4]",A#:sus2
2428,225.5122,"[10, 10, 4, 4]",A#:sus2
2429,225.6051,"[10, 10, 4, 4]",A#:sus2
2430,225.698,"[10, 10, 4, 4]",A#:sus2
2431,225.7908,"[10, 10, 4, 4]",A#:sus2
2432,225.8837,"[10, 10, 4, 4]",A#:sus2
2433,225.9766,"[10, 10, 4, 4]",A#:sus2
2434,226.0695,"[10, 10, 4, 4]",A#:sus2
2435,226.1624,"[10, 10, 4, 4]",A#:sus2
2436,226.2552,"[10, 10, 4, 4]",A#:sus2
2437,226.3481,"[10, 10, 4, 4]",A#:sus2
2438,226.441,"[10, 10, 4, 4]",A#:sus2
2439,226.5339,"[10, 10, 4, 4]",A#:sus2
2440,226.6268,"[10, 10, 4, 4]",A#:sus2
2441,226.7196,"[10, 10, 4, 4]",A#:sus2
2442,226.8125,"[10, 10, 4, 4]",A#:sus2
2443,226.9054,"[10, 10, 4, 4]",A#:sus2
2444,226.9983,"[10, 10, 4, 4]",A#:sus2
2445,227.0912,"[10, 10, 4, 4]",A#:sus2
2446,227.184,"[10, 10, 4, 4]",A#:sus2
2447,227.2769,"[10, 10, 4, 4]",A#:sus2
2448,227.3698,"[10, 10, 4, 4]",A#:sus2
2449,227.4627,"[10, 10, 4, 4]",A#:sus2
2450,227.5556,"[10, 10, 4, 4]",A#:sus2
2451,227.6484,"[10, 10, 4, 4]",A#:sus2
2452,227.7413,"[10, 10, 4, 4]",A#:sus2
2453,227.8342,"[10, 10, 4, 4]",A#:sus2
2454,227.9271,"[10, 10, 4, 4]",A#:sus2
2455,228.02,"[10, 10, 4, 4]",A#:sus2
2456,228.1128,"[10, 10, 4, 4]",A#:sus2
2457,228.2057,"[10, 10, 4, 4]",A#:sus2
2458,228.2986,"[10, 10, 4, 4]",A#:sus2
2459,228.3915,"[10, 10, 4, 4]",A#:sus2
2460,228.4844,"[10, 10, 4, 4]",A#:sus2
2461,228.5772,"[10, 10, 4, 4]",A#:sus2
2462,228.6701,"[10, 10, 4, 4]",A#:sus2
2463,228.763,"[10, 10, 4, 4]",A#:sus2
2464,228.8559,"[10, 10, 4, 4]",A#:sus2
2465,228.9488,"[10, 10, 4, 4]",A#:sus2
2466,229.0416,"[10, 10, 0, 4]",A#:maj
2467,229.1345,"[10, 10, 0, 4]",A#:maj
2468,229.2274,"[10, 10, 5, 4]",A#:sus4
2469,229.3203,"[10, 10, 5, 4]",A#:sus4
2470,229.4132,"[10, 10, 5, 4]",A#:sus4
2471,229.506,"[10, 10, 5, 4]",A#:sus4
2472,229.5989,"[10, 10, 5, 4]",A#:sus4
2473,229.6918,"[5, 10, 5, 4]",N
2474,229.7847,"[5, 5, 5, 4]",F:sus4
2475,229.8776,"[5, 5, 5, 4]",F:sus4
2476,229.9704,"[5, 5, 5, 4]",F:sus4
2477,230.0633,"[5, 5, 5, 4]",F:sus4
2478,230.1562,"[5, 5, 5, 4]",F:sus4
2479,230.2491,"[5, 5, 5, 4]",F:sus4
2480,230.342,"[5, 5, 5, 4]",F:sus4
2481,230.4348,"[5, 5, 5, 4]",F:sus4
2482,230.5277,"[5, 5, 5, 4]",F:sus4
2483,230.6206,"[5, 5, 5, 4]",F:sus4
2484,230.7135,"[5, 5, 5, 4]",F:sus4
2485,230.8063,"[5, 5, 5, 4]",F:sus4
2486,230.8992,"[5, 5, 5, 4]",F:sus4
2487,230.9921,"[5, 5, 5, 4]",F:sus4
2488,231.085,"[5, 5, 5, 4]",F:sus4
2489,231.1779,"[5, 5, 5, 4]",F:sus4
2490,231.2707,"[5, 5, 5, 4]",F:sus4
2491,231.3636,"[5, 5, 5, 4]",F:sus4
2492,231.4565,"[5, 5, 5, 4]",F:sus4
2493,231.5494,"[5, 5, 5, 4]",F:sus4
2494,231.6423,"[5, 5, 5, 4]",F:sus4
2495,231.7351,"[5, 5, 5, 4]",F:sus4
2496,231.828,"[5, 5, 5, 4]",F:sus4
2497,231.9209,"[5, 5, 0, 4]",F:maj
2498,232.0138,"[5, 5, 0, 4]",F:maj
2499,232.1067,"[5, 5, 0, 4]",F:maj
2500,232.1995,"[5, 5, 0, 4]",F:maj
2501,232.2924,"[5, 5, 0, 4]",F:maj
2502,232.3853,"[5, 5, 0, 4]",F:maj
2503,232.4782,"[5, 5, 0, 4]",F:maj
2504,232.5711,"[5, 5, 0, 4]",F:maj
2505,232.6639,"[5, 5, 0, 4]",F:maj
2506,232.7568,"[5, 5, 0, 4]",F:maj
2507,232.8497,"[5, 5, 0, 4]",F:maj
2508,232.9426,"[5, 5, 0, 4]",F:maj
2509,233.0355,"[5, 5, 0, 4]",F:maj
2510,233.1283,"[5, 5, 0, 4]",F:maj
2511,233.2212,"[5, 5, 0, 4]",F:maj
2512,233.3141,"[5, 5, 0, 4]",F:maj
2513,233.407,"[5, 5, 0, 4]",F:maj
2514,233.4999,"[5, 5, 0, 4]",F:maj
2515,233.5927,"[5, 5, 0, 4]",F:maj
2516,233.6856,"[5, 5, 0, 4]",F:maj
2517,233.7785,"[5, 5, 0, 4]",F:maj
2518,233.8714,"[5, 5, 0, 4]",F:maj
2519,233.9643,"[5, 5, 0, 4]",F:maj
2520,234.0571,"[5, 5, 0, 4]",F:maj
2521,234.15,"[5, 5, 0, 4]",F:maj
2522,234.2429,"[5, 5, 0, 4]",F:maj
2523,234.3358,"[5, 5, 0, 4]",F:maj
2524,234.4287,"[5, 5, 0, 4]",F:maj
2525,234.5215,"[5, 5, 0, 4]",F:maj
2526,234.6144,"[5, 5, 0, 4]",F:maj
2527,234.7073,"[5, 5, 0, 4]",F:maj
2528,234.8002,"[5, 5, 0, 4]",F:maj
2529,234.8931,"[5, 5, 0, 4]",F:maj
2530,234.9859,"[5, 5, 0, 4]",F:maj
2531,235.0788,"[5, 5, 0, 4]",F:maj
2532,235.1717,"[5, 5, 0, 4]",F:maj
2533,235.2646,"[5, 5, 0, 4]",F:maj
2534,235.3575,"[5, 5, 0, 4]",F:maj
2535,235.4503,"[5, 5, 0, 4]",F:maj
2536,235.5432,"[5, 5, 0, 4]",F:maj
2537,235.6361,"[5, 5, 0, 4]",F:maj
2538,235.729,"[5, 5, 0, 4]",F:maj
2539,235.8219,"[5, 5, 0, 4]",F:maj
2540,235.9147,"[5, 5, 0, 4]",F:maj
2541,236.0076,"[5, 5, 0, 4]",F:maj
2542,236.1005,"[5, 5, 0, 4]",F:maj
2543,236.1934,"[5, 5, 0, 4]",F:maj
2544,236.2863,"[5, 5, 0, 4]",F:maj
2545,236.3791,"[5, 5, 0, 4]",F:maj
2546,236.472,"[5, 5, 0, 4]",F:maj
2547,236.5649,"[5, 5, 0, 4]",F:maj
2548,236.6578,"[5, 5, 0, 4]",F:maj
2549,236.7507,"[5, 5, 0, 4]",F:maj
2550,236.8435,"[5, 5, 0, 4]",F:maj
2551,236.9364,"[5, 5, 0, 4]",F:maj
2552,237.0293,"[5, 5, 0, 4]",F:maj
2553,237.1222,"[5, 5, 0, 4]",F:maj
2554,237.2151,"[5, 5, 0, 4]",F:maj
2555,237.3079,"[5, 5, 0, 4]",F:maj
2556,237.4008,"[5, 5, 0, 4]",F:maj
2557,237.4937,"[5, 5, 0, 4]",F:maj
2558,237.5866,"[5, 5, 0, 4]",F:maj
2559,237.6795,"[5, 5, 0, 4]",F:maj
2560,237.7723,"[5, 5, 0, 4]",F:maj
2561,237.8652,"[5, 5, 0, 4]",F:maj
2562,237.9581,"[5, 5, 0, 4]",F:maj
2563,238.051,"[5, 5, 0, 4]",F:maj
2564,238.1439,"[5, 5, 0, 4]",F:maj
2565,238.2367,"[10, 5, 0, 4]",A#:maj/5
2566,238.3296,"[10, 5, 0, 4]",A#:maj/5
2567,238.4225,"[10, 5, 0, 4]",A#:maj/5
2568,238.5154,"[10, 5, 4, 4]",A#:sus2/5
2569,238.6083,"[10, 10, 4, 4]",A#:sus2
2570,238.7011,"[10, 10, 4, 4]",A#:sus2
2571,238.794,"[10, 10, 4, 4]",A#:sus2
2572,238.8869,"[10, 10, 4, 4]",A#:sus2
2573,238.9798,"[10, 10, 4, 4]",A#:sus2
2574,239.0727,"[10, 10, 4, 4]",A#:sus2
2575,239.1655,"[10, 10, 4, 4]",A#:sus2
2576,239.2584,"[10, 10, 4, 4]",A#:sus2
2577,239.3513,"[10, 10, 4, 4]",A#:sus2
2578,239.4442,"[10, 10, 4, 4]",A#:sus2
2579,239.5371,"[10, 10, 4, 4]",A#:sus2
2580,239.6299,"[10, 10, 4, 4]",A#:sus2
2581,239.7228,"[10, 10, 4, 4]",A#:sus2
2582,239.8157,"[10, 10, 4, 4]",A#:sus2
2583,239.9086,"[10, 10, 4, 4]",A#:sus2
2584,240.0015,"[10, 10, 4, 4]",A#:sus2
2585,240.0943,"[10, 10, 4, 4]",A#:sus2
2586,240.1872,"[10, 10, 4, 4]",A#:sus2
2587,240.2801,"[10, 10, 5, 4]",A#:sus4
2588,240.373,"[10, 10, 5, 4]",A#:sus4
2589,240.4659,"[10, 10, 5, 4]",A#:sus4
2590,240.5587,"[10, 10, 5, 4]",A#:sus4
2591,240.6516,"[10, 10, 5, 4]",A#:sus4
2592,240.7445,"[10, 10, 5, 4]",A#:sus4
2593,240.8374,"[10, 10, 5, 4]",A#:sus4
2594,240.9302,"[10, 10, 5, 4]",A#:sus4
2595,241.0231,"[10, 10, 5, 4]",A#:sus4
2596,241.116,"[10, 10, 5, 4]",A#:sus4
2597,241.2089,"[10, 10, 5, 4]",A#:sus4
2598,241.3018,"[10, 10, 5, 4]",A#:sus4
2599,241.3946,"[10, 10, 5, 4]",A#:sus4
2600,241.4875,"[10, 10, 5, 4]",A#:sus4
2601,241.5804,"[10, 10, 5, 4]",A#:sus4
2602,241.6733,"[10, 10, 5, 4]",A#:sus4
2603,241.7662,"[10, 10, 5, 4]",A#:sus4
2604,241.859,"[10, 5, 5, 4]",A#:sus4/5
2605,241.9519,"[5, 5, 0, 4]",F:maj
2606,242.0448,"[5, 5, 0, 4]",F:maj
2607,242.1377,"[5, 5, 0, 4]",F:maj
2608,242.2306,"[5, 5, 0, 4]",F:maj
2609,242.3234,"[5, 5, 0, 4]",F:maj
2610,242.4163,"[5, 5, 0, 4]",F:maj
2611,242.5092,"[5, 5, 0, 4]",F:maj
2612,242.6021,"[5, 5, 0, 4]",F:maj
2613,242.695,"[5, 5, 0, 4]",F:maj
2614,242.7878,"[5, 5, 0, 4]",F:maj
2615,242.8807,"[5, 5, 5, 4]",F:sus4
2616,242.9736,"[5, 5, 5, 4]",F:sus4
2617,243.0665,"[5, 5, 5, 4]",F:sus4
2618,243.1594,"[5, 5, 5, 4]",F:sus4
2619,243.2522,"[5, 5, 5, 4]",F:sus4
2620,243.3451,"[5, 5, 5, 4]",F:sus4
2621,243.438,"[5, 5, 5, 4]",F:sus4
2622,243.5309,"[5, 5, 5, 4]",F:sus4
2623,243.6238,"[5, 5, 5, 4]",F:sus4
2624,243.7166,"[5, 5, 5, 4]",F:sus4
2625,243.8095,"[5, 5, 5, 4]",F:sus4
2626,243.9024,"[5, 5, 5, 4]",F:sus4
2627,243.9953,"[5, 5, 5, 4]",F:sus4
2628,244.0882,"[5, 5, 5, 4]",F:sus4
2629,244.181,"[5, 5, 5, 4]",F:sus4
2630,244.2739,"[5, 5, 0, 4]",F:maj
2631,244.3668,"[5, 5, 0, 4]",F:maj
2632,244.4597,"[5, 5, 0, 4]",F:maj
2633,244.5526,"[5, 5, 0, 4]",F:maj
2634,244.6454,"[5, 5, 0, 4]",F:maj
2635,244.7383,"[5, 5, 0, 4]",F:maj
2636,244.8312,"[5, 5, 0, 4]",F:maj
2637,244.9241,"[5, 5, 0, 4]",F:maj
2638,245.017,"[5, 5, 0, 4]",F:maj
2639,245.1098,"[5, 5, 0, 4]",F:maj
2640,245.2027,"[5, 5, 0, 4]",F:maj
2641,245.2956,"[5, 5, 0, 4]",F:maj
2642,245.3885,"[5, 5, 0, 4]",F:maj
2643,245.4814,"[5, 5, 0, 4]",F:maj
2644,245.5742,"[5, 5, 0, 4]",F:maj
2645,245.6671,"[5, 5, 0, 4]",F:maj
2646,245.76,"[5, 5, 0, 4]",F:maj
2647,245.8529,"[5, 5, 0, 4]",F:maj
2648,245.9458,"[5, 5, 0, 4]",F:maj
2649,246.0386,"[5, 5, 0, 4]",F:maj
2650,246.1315,"[5, 5, 0, 4]",F:maj
2651,246.2244,"[5, 5, 0, 4]",F:maj
2652,246.3173,"[5, 5, 0, 4]",F:maj
2653,246.4102,"[5, 5, 0, 4]",F:maj
2654,246.503,"[5, 5, 0, 4]",F:maj
2655,246.5959,"[5, 5, 0, 4]",F:maj
2656,246.6888,"[5, 5, 0, 4]",F:maj
2657,246.7817,"[5, 5, 0, 4]",F:maj
2658,246.8746,"[5, 5, 0, 4]",F:maj
2659,246.9674,"[5, 5, 0, 4]",F:maj
2660,247.0603,"[5, 5, 0, 4]",F:maj
2661,247.1532,"[5, 5, 0, 4]",F:maj
2662,247.2461,"[5, 5, 0, 4]",F:maj
2663,247.339,"[5, 5, 0, 4]",F:maj
2664,247.4318,"[5, 5, 5, 4]",F:sus4
2665,247.5247,"[5, 5, 5, 4]",F:sus4
2666,247.6176,"[5, 5, 5, 4]",F:sus4
2667,247.7105,"[5, 5, 5, 4]",F:sus4
2668,247.8034,"[5, 5, 5, 4]",F:sus4
2669,247.8962,"[5, 5, 5, 4]",F:sus4
2670,247.9891,"[5, 5, 5, 4]",F:sus4
2671,248.082,"[5, 5, 5, 4]",F:sus4
2672,248.1749,"[5, 5, 5, 4]",F:sus4
2673,248.2678,"[5, 5, 0, 4]",F:maj
2674,248.3606,"[5, 5, 0, 4]",F:maj
2675,248.4535,"[5, 5, 0, 4]",F:maj
2676,248.5464,"[5, 5, 0, 4]",F:maj
2677,248.6393,"[5, 5, 0, 4]",F:maj
2678,248.7322,"[5, 5, 0, 4]",F:maj
2679,248.825,"[5, 5, 0, 4]",F:maj
2680,248.9179,"[5, 5, 0, 4]",F:maj
2681,249.0108,"[5, 5, 0, 4]",F:maj
2682,249.1037,"[5, 5, 0, 4]",F:maj
2683,249.1966,"[5, 5, 0, 4]",F:maj
2684,249.2894,"[5, 5, 0, 4]",F:maj
2685,249.3823,"[5, 5, 0, 4]",F:maj
2686,249.4752,"[5, 5, 0, 4]",F:maj
2687,249.5681,"[5, 5, 0, 4]",F:maj
2688,249.661,"[5, 5, 0, 4]",F:maj
2689,249.7538,"[5, 5, 0, 4]",F:maj
2690,249.8467,"[5, 5, 0, 4]",F:maj
2691,249.9396,"[5, 5, 0, 4]",F:maj
2692,250.0325,"[5, 5, 0, 4]",F:maj
2693,250.1254,"[5, 5, 0, 4]",F:maj
2694,250.2182,"[5, 7, 0, 4]",N
2695,250.3111,"[5, 7, 0, 4]",N
2696,250.404,"[5, 7, 0, 4]",N
2697,250.4969,"[5, 7, 0, 4]",N
2698,250.5898,"[5, 7, 0, 4]",N
2699,250.6826,"[5, 7, 0, 4]",N
